group,tag,shows,title_en,title_zh_hant,cn_annot_hant,title_zh_hans,cn_annot_hans,title_en_ok,title_hant_ok,title_hans_ok,title_hant_src,title_hans_src,syn_en,syn_hant,syn_hans
0528,中國原創,15,#0528,#0528,,#0528,,1,0,0,—,—,0,0,0
101 dalmatians,Broadway/West End,3,101 Dalmatians,101 Dalmatians,101忠狗,101 Dalmatians,101斑点狗,1,1,1,官方譯名表,官方譯名表,1,1,1
1457 소년 잠들다 영월,韓國原創,1,"1457, 소년 잠들다 - 영월","1457, 소년 잠들다 - 영월",,"1457, 소년 잠들다 - 영월",,0,0,0,—,—,0,0,0
1776,Broadway/West End,1,1776,1776,,1776,,1,0,0,—,—,1,1,1
2026 midnight actor musician the choice,韓國原創,1,2026 Midnight : Actor Musician - THE CHOICE,2026 Midnight : Actor Musician - THE CHOICE,,2026 Midnight : Actor Musician - THE CHOICE,,1,0,0,—,—,1,1,1
2026 musical midnight antlers,韓國原創,1,2026 Musical MIDNIGHT : ANTLERS,2026 Musical MIDNIGHT : ANTLERS,,2026 Musical MIDNIGHT : ANTLERS,,1,0,0,—,—,0,0,0
2026 the choice,韓國原創,1,2026뮤지컬 미드나잇:액터뮤지션 - THE CHOICE 비지정석,2026뮤지컬 미드나잇:액터뮤지션 - THE CHOICE 비지정석,,2026뮤지컬 미드나잇:액터뮤지션 - THE CHOICE 비지정석,,0,0,0,—,—,0,0,0
2026 wtof million loves,韓國原創,1,2026 WTOF Million Loves,2026 WTOF Million Loves,,2026 WTOF Million Loves,,1,0,0,—,—,1,1,1
2026 리 바운드 축제 1457 소년 잠들다,韓國原創,1,"［2026 리:바운드 축제］1457, 소년 잠들다","［2026 리:바운드 축제］1457, 소년 잠들다",,"［2026 리:바운드 축제］1457, 소년 잠들다",,0,0,0,—,—,0,0,0
2026년 전주브랜드공연 마당창극 별향단젼이라,韓國原創,1,2026년 전주브랜드공연(마당창극) ＇별향단젼이라＇,2026년 전주브랜드공연(마당창극) ＇별향단젼이라＇,,2026년 전주브랜드공연(마당창극) ＇별향단젼이라＇,,0,0,0,—,—,0,0,0
25th annual putnam county spelling bee,Broadway/West End,3,The 25th Annual Putnam County Spelling Bee,The 25th Annual Putnam County Spelling Bee,,The 25th Annual Putnam County Spelling Bee,,1,0,0,—,—,1,1,1
42nd street,Broadway/West End,2,42nd Street,42nd Street,第42街,42nd Street,第42街,1,1,1,官方譯名表,官方譯名表,1,1,1
6點下班,韓國原創,1,6點下班,6點下班,,6点下班,,0,1,1,原生中文,原生中文,1,1,1
6시 퇴근 울산,韓國原創,1,6시 퇴근 - 울산,6시 퇴근 - 울산,,6시 퇴근 - 울산,,0,0,0,—,—,0,0,0
7080 뮤지컬 목마와 숙녀 부산,韓國原創,1,7080 뮤지컬 목마와 숙녀 - 부산,7080 뮤지컬 목마와 숙녀 - 부산,,7080 뮤지컬 목마와 숙녀 - 부산,,0,0,0,—,—,0,0,0
8 scott ave night at the towers,Broadway/West End,1,8 Scott Ave - Night at the Towers,8 Scott Ave - Night at the Towers,,8 Scott Ave - Night at the Towers,,1,0,0,—,—,1,1,1
9 to 5,Broadway/West End,1,9 to 5,9 to 5,,9 to 5,,1,0,0,—,—,1,1,1
a beautiful noise,Broadway/West End,18,A Beautiful Noise,A Beautiful Noise,,A Beautiful Noise,,1,0,0,—,—,1,1,1
a chorus line,Broadway/West End,1,A Chorus Line,A Chorus Line,歌舞線上,A Chorus Line,歌舞线上,1,1,1,官方譯名表,官方譯名表,1,1,1
a christmas carol,Broadway/West End,53,A Christmas Carol,A Christmas Carol,小氣財神,A Christmas Carol,圣诞颂歌,1,1,1,官方譯名表,官方譯名表,1,1,1
a christmas carol bit,歐陸原創,17,A Christmas Carol Musical,A Christmas Carol Musical,小氣財神,A Christmas Carol Musical,圣诞颂歌,1,1,1,官方譯名表,官方譯名表,1,1,1
a christmas story,Broadway/West End,6,A Christmas Story,A Christmas Story,,A Christmas Story,,1,0,0,—,—,1,1,1
a mardi gras carol,Broadway/West End,1,A Mardi Gras Carol,A Mardi Gras Carol,,A Mardi Gras Carol,,1,0,0,—,—,1,1,1
a media luz,西葡音樂劇,1,A media luz,A media luz,微光,A media luz,微光,1,1,1,官方譯名表,官方譯名表,1,1,1
a padlas,歐陸原創,2,A Padlás,A Padlás,閣樓,A Padlás,阁楼,1,1,1,官方譯名表,官方譯名表,1,1,1
a pal utcai fiuk,歐陸原創,1,A Pál utcai fiúk,A Pál utcai fiúk,,A Pál utcai fiúk,,1,0,0,—,—,0,0,0
a tenkes kapitanya,歐陸原創,1,A Tenkes kapitánya – kalandmusical,A Tenkes kapitánya – kalandmusical,坦凱什大尉,A Tenkes kapitánya – kalandmusical,坦凯什大尉,1,1,1,官方譯名表,官方譯名表,1,1,1
a todo ritmo,西葡音樂劇,1,A Todo Ritmo,A Todo Ritmo,節奏全開,A Todo Ritmo,节奏全开,1,1,1,官方譯名表,官方譯名表,1,1,1
a tron,歐陸原創,1,A TRÓN,A TRÓN,王座,A TRÓN,王座,1,1,1,官方譯名表,官方譯名表,1,1,1
addams family,Broadway/West End,5,The Addams Family,The Addams Family,阿達一族,The Addams Family,亚当斯一家,1,1,1,官方譯名表,官方譯名表,1,1,1
aggiungi un posto a tavola,歐陸原創,3,Aggiungi un posto a tavola,Aggiungi un posto a tavola,餐桌加個位子,Aggiungi un posto a tavola,餐桌加个位子,1,1,1,官方譯名表,官方譯名表,1,1,1
aladdin,Broadway/West End,2,Aladdin,Aladdin,阿拉丁,Aladdin,阿拉丁,1,1,1,官方譯名表,官方譯名表,1,1,1
alice nel paese delle meraviglie,歐陸原創,15,Alice nel Paese delle Meraviglie,Alice nel Paese delle Meraviglie,愛麗絲夢遊仙境,Alice nel Paese delle Meraviglie,爱丽丝梦游仙境,1,1,1,官方譯名表,官方譯名表,1,1,1
alicia en el pais de las maravillas,西葡音樂劇,1,Alicia en el país de las maravillas,Alicia en el país de las maravillas,愛麗絲夢遊仙境,Alicia en el país de las maravillas,爱丽丝梦游仙境,1,1,1,官方譯名表,官方譯名表,1,1,1
all shook up,Broadway/West End,3,All Shook Up,All Shook Up,,All Shook Up,,1,0,0,—,—,1,1,1
amelie,Broadway/West End,6,Amélie,Amélie,艾蜜莉的異想世界,Amélie,天使爱美丽,1,1,1,官方譯名表,官方譯名表,1,1,1
anastasia,Broadway/West End,2,Anastasia,Anastasia,真假公主,Anastasia,真假公主,1,1,1,官方譯名表,官方譯名表,1,1,1
and juliet,Broadway/West End,12,& Juliet,& Juliet,,& Juliet,,1,0,0,—,—,1,1,1
andel pane karlin,歐陸原創,1,Anděl Páně Karlín,Anděl Páně Karlín,上帝的天使,Anděl Páně Karlín,上帝的天使,1,1,1,官方譯名表,官方譯名表,1,1,1
anglagard,歐陸原創,1,Änglagård,Änglagård,天使之屋,Änglagård,天使之家,1,1,1,官方譯名表,官方譯名表,1,1,1
annie,Broadway/West End,23,Annie,Annie,安妮,Annie,安妮,1,1,1,官方譯名表,官方譯名表,1,1,1
aoharu,日本原創,3,青春-AOHARU-鉄道,青春-AOHARU-鉄道,,青春-AOHARU-鉄道,,0,0,0,日文漢字題名,日文漢字題名,1,1,1
apollonia,韓國原創,2,Apollonia,Apollonia,,Apollonia,,1,0,0,—,—,1,1,1
armstrong un musical muy espacial,西葡音樂劇,1,"Armstrong, un musical muy espacial","Armstrong, un musical muy espacial",阿姆斯壯,"Armstrong, un musical muy espacial",阿姆斯特朗,1,1,1,官方譯名表,官方譯名表,1,1,1
artemis,西葡音樂劇,1,Artemis,Artemis,阿提米絲,Artemis,阿耳忒弥斯,1,1,1,官方譯名表,官方譯名表,1,1,1
autonomos,西葡音樂劇,1,Autónomos,Autónomos,自由工作者,Autónomos,自由工作者,1,1,1,官方譯名表,官方譯名表,1,1,1
avenue q,Broadway/West End,1,Avenue Q,Avenue Q,Q大道,Avenue Q,Q大道,1,1,1,官方譯名表,官方譯名表,1,1,1
az ej eleganciaja,歐陸原創,1,Az Éj Eleganciája – Több mint musical / Mahó Andrea – Csengeri Attila – Kovács Gábor,Az Éj Eleganciája – Több mint musical / Mahó Andrea – Csengeri Attila – Kovács Gábor,,Az Éj Eleganciája – Több mint musical / Mahó Andrea – Csengeri Attila – Kovács Gábor,,1,0,0,—,—,0,0,0
back to 1931,韓國原創,1,창작뮤지컬 BACK TO 1931 : 시무언 이용도,창작뮤지컬 BACK TO 1931 : 시무언 이용도,,창작뮤지컬 BACK TO 1931 : 시무언 이용도,,0,0,0,—,—,0,0,0
back to the future,Broadway/West End,9,Back to the Future,Back to the Future,回到未來,Back to the Future,回到未来,1,1,1,官方譯名表,官方譯名表,1,1,1
barnum,Broadway/West End,3,Barnum,Barnum,,Barnum,,1,0,0,—,—,1,1,1
bat boy,Broadway/West End,1,Bat Boy,Bat Boy,,Bat Boy,,1,0,0,—,—,1,1,1
bat out of hell 50th anniversary,Broadway/West End,2,Bat Out of Hell: 50th Anniversary,Bat Out of Hell: 50th Anniversary,,Bat Out of Hell: 50th Anniversary,,1,0,0,—,—,1,1,1
bear grease,Broadway/West End,2,Bear Grease,Bear Grease,,Bear Grease,,1,0,0,—,—,1,1,1
beautiful,Broadway/West End,1,Beautiful,Beautiful,,Beautiful,,1,0,0,—,—,1,1,1
beauty and the beast,Broadway/West End,23,Beauty and the Beast,Beauty and the Beast,美女與野獸,Beauty and the Beast,美女与野兽,1,1,1,官方譯名表,官方譯名表,1,1,1
beetlejuice,Broadway/West End,31,Beetlejuice,Beetlejuice,陰間大法師,Beetlejuice,阴间大法师,1,1,1,官方譯名表,官方譯名表,1,1,1
belle e la bestia,歐陸原創,18,Belle e la Bestia - Il musical,Belle e la Bestia - Il musical,美女與野獸,Belle e la Bestia - Il musical,美女与野兽,1,1,1,官方譯名表,官方譯名表,1,1,1
belle epoque,日本原創,2,天穹のアルテミス／Belle Époque,天穹のアルテミス／Belle Époque,,天穹のアルテミス／Belle Époque,,0,0,0,—,—,1,1,1
bienvenidos un musical con exitos de los 80s y 90s,西葡音樂劇,6,¡Bienvenidos! Un musical con éxitos de los 80's y 90's,¡Bienvenidos! Un musical con éxitos de los 80's y 90's,歡迎！,¡Bienvenidos! Un musical con éxitos de los 80's y 90's,欢迎！,1,1,1,官方譯名表,官方譯名表,1,1,1
billy elliot,Broadway/West End,4,Billy Elliot,Billy Elliot,舞動人生,Billy Elliot,跳出我天地,1,1,1,官方譯名表,官方譯名表,1,1,1
bitwa o tron,歐陸原創,1,Bitwa o tron,Bitwa o tron,,Bitwa o tron,,1,0,0,—,—,0,0,0
black mary poppins,韓國原創,1,Black Mary Poppins,Black Mary Poppins,,Black Mary Poppins,,1,0,0,—,—,0,0,0
blbff,台灣原創,1,Oliver’s Adventure into Adolescence A New Musical,以為是BL結果是BFF,,以为是BL结果是BFF,,1,1,1,原生中文,原生中文,1,1,1
blood brothers,Broadway/West End,1,Blood Brothers,Blood Brothers,,Blood Brothers,,1,0,0,—,—,0,0,0
bodyguard,Broadway/West End,13,Bodyguard Musical,Bodyguard Musical,終極保鑣,Bodyguard Musical,保镖,1,1,1,官方譯名表,官方譯名表,1,1,1
book of mormon,Broadway/West End,15,The Book of Mormon,The Book of Mormon,摩門經,The Book of Mormon,摩门经,1,1,1,官方譯名表,官方譯名表,1,1,1
boop,Broadway/West End,10,BOOP! The Musical,BOOP! The Musical,,BOOP! The Musical,,1,0,0,—,—,1,1,1
borderline,中國原創,1,Borderline-边界线,Borderline-邊界線,,Borderline-边界线,,0,1,1,原生中文,原生中文,0,0,0
brahms,韓國原創,1,Brahms,Brahms,,Brahms,,1,0,0,—,—,0,0,0
bright star,Broadway/West End,1,Bright Star,Bright Star,,Bright Star,,1,0,0,—,—,1,1,1
brothers karamazov,韓國原創,5,The Brothers Karamazov,The Brothers Karamazov,卡拉馬助夫兄弟們,The Brothers Karamazov,卡拉马佐夫兄弟,1,1,1,官方譯名表,官方譯名表,1,1,1
buddy holly story,Broadway/West End,1,The Buddy Holly Story,The Buddy Holly Story,,The Buddy Holly Story,,1,0,0,—,—,1,1,1
buena vista,日本原創,2,陽炎のごとく／Buena Vista!!,陽炎のごとく／Buena Vista!!,,阳炎のごとく／Buena Vista!!,,0,0,0,—,—,1,1,1
buena vista social club,Broadway/West End,25,Buena Vista Social Club,Buena Vista Social Club,樂士浮生錄,Buena Vista Social Club,乐士浮生录,1,1,1,官方譯名表,官方譯名表,1,1,1
bugsy malone,Broadway/West End,1,Bugsy Malone,Bugsy Malone,,Bugsy Malone,,1,0,0,—,—,1,1,1
burlesque,Broadway/West End,11,Burlesque The Musical,Burlesque The Musical,,Burlesque The Musical,,1,0,0,—,—,1,1,1
busco pis,西葡音樂劇,1,Busco pis!,Busco pis!,我要找房子！,Busco pis!,我要找房子！,1,1,1,官方譯名表,官方譯名表,1,1,1
cabaret,Broadway/West End,6,Cabaret,Cabaret,歌廳,Cabaret,歌厅,1,1,1,官方譯名表,官方譯名表,1,1,1
cafe in,韓國原創,1,'Cafe-in','Cafe-in',,'Cafe-in',,1,0,0,—,—,0,0,0
carmen,歐陸原創,1,Carmen,Carmen,卡門,Carmen,卡门,1,1,1,官方譯名表,官方譯名表,1,1,1
carodejnice bordelina,歐陸原創,1,Čarodejnice Bordelína,Čarodejnice Bordelína,,Čarodejnice Bordelína,,1,0,0,—,—,1,1,1
carousel,Broadway/West End,1,Carousel,Carousel,旋轉木馬,Carousel,旋转木马,1,1,1,官方譯名表,官方譯名表,1,1,1
cats,Broadway/West End,13,Cats,Cats,貓,Cats,猫,1,1,1,官方譯名表,官方譯名表,1,1,1
ceilidh,Broadway/West End,1,Ceilidh The Musical,Ceilidh The Musical,,Ceilidh The Musical,,1,0,0,—,—,1,1,1
cera una volta scugnizzi,歐陸原創,1,C'era una volta... Scugnizzi,C'era una volta... Scugnizzi,從前從前…街頭少年,C'era una volta... Scugnizzi,从前从前…街头少年,1,1,1,官方譯名表,官方譯名表,1,1,1
charlie and the chocolate factory,Broadway/West End,2,Charlie and the Chocolate Factory,Charlie and the Chocolate Factory,查理與巧克力工廠,Charlie and the Chocolate Factory,查理和巧克力工厂,1,1,1,官方譯名表,官方譯名表,1,1,1
charlie brown christmas,Broadway/West End,2,Charlie Brown Christmas,Charlie Brown Christmas,,Charlie Brown Christmas,,1,0,0,—,—,0,0,0
chicago,Broadway/West End,20,Chicago,Chicago,芝加哥,Chicago,芝加哥,1,1,1,官方譯名表,官方譯名表,1,1,1
chuchuwa viaja jugando,西葡音樂劇,1,Chuchuwá viaja jugando,Chuchuwá viaja jugando,Chuchuwá：邊玩邊旅行,Chuchuwá viaja jugando,Chuchuwá：边玩边旅行,1,1,1,官方譯名表,官方譯名表,1,1,1
cinderela,西葡音樂劇,1,Cinderela - O Musical,Cinderela - O Musical,灰姑娘,Cinderela - O Musical,灰姑娘,1,1,1,官方譯名表,官方譯名表,1,1,1
cinderella,Broadway/West End,7,Cinderella,Cinderella,灰姑娘,Cinderella,灰姑娘,1,1,1,官方譯名表,官方譯名表,1,1,1
club seolhwa,韓國原創,1,Club Seolhwa,Club Seolhwa,,Club Seolhwa,,1,0,0,—,—,0,0,0
come from away,Broadway/West End,13,Come from Away,Come from Away,來自遠方,Come from Away,来自远方,1,1,1,官方譯名表,官方譯名表,1,1,1
con musical,Broadway/West End,1,The Con Musical,The Con Musical,,The Con Musical,,1,0,0,—,—,1,1,1
count of monte cristo,法式音樂劇,1,The Count of Monte Cristo,The Count of Monte Cristo,基督山伯爵,The Count of Monte Cristo,基督山伯爵,1,1,1,官方譯名表,官方譯名表,1,1,1
country girl,Broadway/West End,1,Country Girl,Country Girl,,Country Girl,,1,0,0,—,—,1,1,1
crush,西葡音樂劇,1,Crush,Crush,,Crush,,1,0,0,—,—,1,1,1
curious case of benjamin button,Broadway/West End,1,The Curious Case of Benjamin Button,The Curious Case of Benjamin Button,,The Curious Case of Benjamin Button,,1,0,0,—,—,1,1,1
curtains,Broadway/West End,1,Curtains,Curtains,,Curtains,,1,0,0,—,—,1,1,1
damn yankees,Broadway/West End,1,Damn Yankees,Damn Yankees,,Damn Yankees,,1,0,0,—,—,1,1,1
das phantom der oper die originalproduktion von sasson sautter,德奧音樂劇,1,Das Phantom der Oper - Die Originalproduktion von Sasson/Sautter,Das Phantom der Oper - Die Originalproduktion von Sasson/Sautter,歌劇魅影,Das Phantom der Oper - Die Originalproduktion von Sasson/Sautter,歌剧魅影,1,1,1,官方譯名表,官方譯名表,1,1,1
days,韓國原創,5,The Days,The Days,,The Days,,1,0,0,—,—,1,1,1
de spiekpietjes,歐陸原創,1,De Spiekpietjes,De Spiekpietjes,,De Spiekpietjes,,1,0,0,—,—,1,1,1
dear evan hansen,Broadway/West End,11,Dear Evan Hansen,Dear Evan Hansen,親愛的艾文·漢森,Dear Evan Hansen,亲爱的艾文·汉森,1,1,1,官方譯名表,官方譯名表,1,1,1
death becomes her,Broadway/West End,20,Death Becomes Her,Death Becomes Her,捉神弄鬼,Death Becomes Her,飞越长生,1,1,1,官方譯名表,官方譯名表,1,1,1
death note,日本原創,1,Death Note,Death Note,死亡筆記本,Death Note,死亡笔记,1,1,1,官方譯名表,官方譯名表,1,1,1
death takes a holiday,Broadway/West End,1,Death Takes A Holiday,Death Takes A Holiday,,Death Takes A Holiday,,1,0,0,—,—,1,1,1
despres de nosaltres,西葡音樂劇,1,Després de nosaltres,Després de nosaltres,在我們之後,Després de nosaltres,在我们之后,1,1,1,官方譯名表,官方譯名表,1,1,1
devil wears prada,Broadway/West End,2,The Devil Wears Prada,The Devil Wears Prada,穿著Prada的惡魔,The Devil Wears Prada,时尚女魔头,1,1,1,官方譯名表,官方譯名表,1,1,1
diamond impulse,日本原創,1,黒蜥蜴／Diamond IMPULSE,黒蜥蜴／Diamond IMPULSE,,黒蜥蜴／Diamond IMPULSE,,0,0,0,日文漢字題名,日文漢字題名,1,1,1
diary of a wimpy kid,Broadway/West End,1,Diary of a Wimpy Kid,Diary of a Wimpy Kid,遜咖日記,Diary of a Wimpy Kid,小屁孩日记,1,1,1,官方譯名表,官方譯名表,1,1,1
die weihnachtsbackerei,德奧音樂劇,1,Die Weihnachtsbäckerei,Die Weihnachtsbäckerei,聖誕烘焙坊,Die Weihnachtsbäckerei,圣诞烘焙坊,1,1,1,官方譯名表,官方譯名表,1,1,1
dirty dancing,Broadway/West End,22,Dirty Dancing,Dirty Dancing,熱舞十七,Dirty Dancing,辣身舞,1,1,1,官方譯名表,官方譯名表,1,1,1
dirty rotten scoundrels,Broadway/West End,2,Dirty Rotten Scoundrels,Dirty Rotten Scoundrels,,Dirty Rotten Scoundrels,,1,0,0,—,—,1,1,1
divorcio igualitario,西葡音樂劇,1,Divorcio igualitario,Divorcio igualitario,平權離婚,Divorcio igualitario,平权离婚,1,1,1,官方譯名表,官方譯名表,1,1,1
dolly,Broadway/West End,1,Dolly - A True Original Musical,Dolly - A True Original Musical,,Dolly - A True Original Musical,,1,0,0,—,—,1,1,1
dolly partons smoky mountain christmas carol,Broadway/West End,3,Dolly Parton's Smoky Mountain Christmas Carol,Dolly Parton's Smoky Mountain Christmas Carol,,Dolly Parton's Smoky Mountain Christmas Carol,,1,0,0,—,—,1,1,1
dracula,Broadway/West End,5,Dracula,Dracula,德古拉,Dracula,德古拉,1,1,1,官方譯名表,官方譯名表,1,1,1
drei haselnusse fur aschenbrodel,德奧音樂劇,1,Drei Haselnüsse für Aschenbrödel,Drei Haselnüsse für Aschenbrödel,三顆榛果給灰姑娘,Drei Haselnüsse für Aschenbrödel,三颗榛果给灰姑娘,1,1,1,官方譯名表,官方譯名表,1,1,1
edudant a francimor,歐陸原創,1,Edudant a Francimor,Edudant a Francimor,,Edudant a Francimor,,1,0,0,—,—,1,1,1
el alma al aire,西葡音樂劇,1,El Alma al aire,El Alma al aire,袒露的靈魂,El Alma al aire,袒露的灵魂,1,1,1,官方譯名表,官方譯名表,1,1,1
el fil invisible,西葡音樂劇,2,El fil invisible,El fil invisible,看不見的線,El fil invisible,看不见的线,1,1,1,官方譯名表,官方譯名表,1,1,1
el flautista de hamelin,西葡音樂劇,1,El flautista de Hamelin,El flautista de Hamelin,花衣魔笛手,El flautista de Hamelin,花衣魔笛手,1,1,1,官方譯名表,官方譯名表,1,1,1
el ladron de arabia,西葡音樂劇,1,El ladrón de Arabia,El ladrón de Arabia,阿拉伯大盜,El ladrón de Arabia,阿拉伯大盗,1,1,1,官方譯名表,官方譯名表,1,1,1
el libro de la selva la aventura de mowgli,西葡音樂劇,1,"El Libro de la Selva, La Aventura de Mowgli","El Libro de la Selva, La Aventura de Mowgli",叢林奇譚：毛克利的冒險,"El Libro de la Selva, La Aventura de Mowgli",丛林奇谭：毛克利的冒险,1,1,1,官方譯名表,官方譯名表,1,1,1
el mago de oz,西葡音樂劇,1,El Mago de Oz,El Mago de Oz,綠野仙蹤,El Mago de Oz,绿野仙踪,1,1,1,官方譯名表,官方譯名表,1,1,1
el misterio de chamberi,西葡音樂劇,1,El Misterio de Chamberí,El Misterio de Chamberí,錢貝里之謎,El Misterio de Chamberí,钱贝里之谜,1,1,1,官方譯名表,官方譯名表,1,1,1
elf,Broadway/West End,5,Elf,Elf,精靈總動員,Elf,圣诞精灵,1,1,1,官方譯名表,官方譯名表,1,1,1
elisabeth,德奧音樂劇,5,Elisabeth,Elisabeth,伊莉莎白,Elisabeth,伊丽莎白,1,1,1,官方譯名表,官方譯名表,1,1,1
ella era anita,西葡音樂劇,1,Ella era Anita,Ella era Anita,她曾是安妮塔,Ella era Anita,她曾是安妮塔,1,1,1,官方譯名表,官方譯名表,1,1,1
elvalt nok klubja nyilvanos foproba,歐陸原創,1,Elvált nők klubja : Nyilvános főpróba,Elvált nők klubja : Nyilvános főpróba,大老婆俱樂部,Elvált nők klubja : Nyilvános főpróba,前妻俱乐部,1,1,1,官方譯名表,官方譯名表,1,1,1
emil i lonneberga,歐陸原創,1,Emil i Lönneberga,Emil i Lönneberga,小搗蛋艾米爾,Emil i Lönneberga,淘气包埃米尔,1,1,1,官方譯名表,官方譯名表,1,1,1
en joan sense por i la casa encantada,西葡音樂劇,1,En Joan sense por i la casa encantada,En Joan sense por i la casa encantada,無畏的胡安與鬼屋,En Joan sense por i la casa encantada,无畏的胡安与鬼屋,1,1,1,官方譯名表,官方譯名表,1,1,1
encantats,西葡音樂劇,2,Encantats,Encantats,著了魔,Encantats,着了魔,1,1,1,官方譯名表,官方譯名表,1,1,1
erase otra vez,西葡音樂劇,1,Érase otra vez,Érase otra vez,從前又一次,Érase otra vez,从前又一次,1,1,1,官方譯名表,官方譯名表,1,1,1
es navidad,西葡音樂劇,1,¡Es Navidad!,¡Es Navidad!,聖誕節到了！,¡Es Navidad!,圣诞节到了！,1,1,1,官方譯名表,官方譯名表,0,0,0
escape to margaritaville,Broadway/West End,1,Escape to Margaritaville,Escape to Margaritaville,,Escape to Margaritaville,,1,0,0,—,—,1,1,1
espejito espejito,西葡音樂劇,1,"Espejito, Espejito","Espejito, Espejito",魔鏡魔鏡,"Espejito, Espejito",魔镜魔镜,1,1,1,官方譯名表,官方譯名表,1,1,1
europavisjonar,歐陸原創,1,Europavisjonar,Europavisjonar,,Europavisjonar,,1,0,0,—,—,1,1,1
everybodys talking about jamie,Broadway/West End,10,Everybody's Talking About Jamie,Everybody's Talking About Jamie,人人都在談論傑米,Everybody's Talking About Jamie,人人都在谈论杰米,1,1,1,官方譯名表,官方譯名表,1,1,1
evita,Broadway/West End,3,Evita,Evita,艾薇塔,Evita,艾薇塔,1,1,1,官方譯名表,官方譯名表,1,1,1
fan letter,韓國原創,6,Fan Letter,Fan Letter,光的來信,Fan Letter,粉丝来信,1,1,1,官方譯名表,官方譯名表,1,1,1
fiddler on the roof,Broadway/West End,2,Fiddler on the Roof,Fiddler on the Roof,屋頂上的提琴手,Fiddler on the Roof,屋顶上的提琴手,1,1,1,官方譯名表,官方譯名表,1,1,1
fifty shades,Broadway/West End,1,Fifty Shades! The Musical,Fifty Shades! The Musical,,Fifty Shades! The Musical,,1,0,0,—,—,1,1,1
finding neverland,Broadway/West End,1,Finding Neverland,Finding Neverland,尋找新樂園,Finding Neverland,寻找梦幻岛,1,1,1,官方譯名表,官方譯名表,1,1,1
finians rainbow,Broadway/West End,1,Finian's Rainbow,Finian's Rainbow,,Finian's Rainbow,,1,0,0,—,—,1,1,1
footloose,Broadway/West End,2,Footloose,Footloose,渾身是勁,Footloose,浑身是劲,1,1,1,官方譯名表,官方譯名表,1,1,1
forever plaid,Broadway/West End,1,Forever Plaid,Forever Plaid,,Forever Plaid,,1,0,0,—,—,1,1,1
forza venite gente,歐陸原創,18,Forza Venite Gente,Forza Venite Gente,,Forza Venite Gente,,1,0,0,—,—,1,1,1
frankenstein,韓國原創,1,Frankenstein,Frankenstein,科學怪人,Frankenstein,弗兰肯斯坦,1,1,1,官方譯名表,官方譯名表,1,1,1
franz and marie,Broadway/West End,1,Franz & Marie,Franz & Marie,,Franz & Marie,,1,0,0,—,—,1,1,1
frida opera musical,歐陸原創,11,FRIDA Opera Musical,FRIDA Opera Musical,芙烈達·卡蘿,FRIDA Opera Musical,弗里达·卡罗,1,1,1,官方譯名表,官方譯名表,1,1,1
frozen,Broadway/West End,12,Frozen,Frozen,冰雪奇緣,Frozen,冰雪奇缘,1,1,1,官方譯名表,官方譯名表,1,1,1
full monty,Broadway/West End,1,The Full Monty,The Full Monty,,The Full Monty,,1,0,0,—,—,1,1,1
fun home,Broadway/West End,1,Fun Home,Fun Home,,Fun Home,,1,0,0,—,—,1,1,1
funny girl,Broadway/West End,1,Funny Girl,Funny Girl,妙女郎,Funny Girl,妙女郎,1,1,1,官方譯名表,官方譯名表,1,1,1
galileo,Broadway/West End,1,Galileo,Galileo,,Galileo,,1,0,0,—,—,1,1,1
garfio y la isla del tesoro,西葡音樂劇,1,Garfio y la isla del tesoro,Garfio y la isla del tesoro,虎克船長與金銀島,Garfio y la isla del tesoro,铁钩船长与金银岛,1,1,1,官方譯名表,官方譯名表,1,1,1
gaudi el despertar del geni,西葡音樂劇,1,Gaudí: El Despertar Del Geni,Gaudí: El Despertar Del Geni,高第,Gaudí: El Despertar Del Geni,高迪,1,1,1,官方譯名表,官方譯名表,1,1,1
ghost,Broadway/West End,8,Ghost,Ghost,第六感生死戀,Ghost,人鬼情未了,1,1,1,官方譯名表,官方譯名表,1,1,1
girls night,Broadway/West End,2,Girls Night,Girls Night,,Girls Night,,1,0,0,—,—,1,1,1
gloria,歐陸原創,9,Gloria - Il Musical,Gloria - Il Musical,,Gloria - Il Musical,,1,0,0,—,—,1,1,1
gone tomorrow,韓國原創,1,Gone Tomorrow,Gone Tomorrow,,Gone Tomorrow,,1,0,0,—,—,1,1,1
grease,Broadway/West End,18,Grease,Grease,火爆浪子,Grease,油脂,1,1,1,官方譯名表,官方譯名表,1,1,1
great gatsby,Broadway/West End,22,The Great Gatsby,The Great Gatsby,大亨小傳,The Great Gatsby,了不起的盖茨比,1,1,1,官方譯名表,官方譯名表,1,1,1
greatest showman,Broadway/West End,1,The Greatest Showman,The Greatest Showman,大娛樂家,The Greatest Showman,马戏之王,1,1,1,官方譯名表,官方譯名表,1,1,1
guys and dolls,Broadway/West End,3,Guys and Dolls,Guys and Dolls,紅男綠女,Guys and Dolls,红男绿女,1,1,1,官方譯名表,官方譯名表,1,1,1
gwanghwamun love song,韓國原創,1,Gwanghwamun Love Song,Gwanghwamun Love Song,,Gwanghwamun Love Song,,1,0,0,—,—,0,0,0
hadestown,Broadway/West End,25,Hadestown,Hadestown,冥界,Hadestown,冥界,1,1,1,官方譯名表,官方譯名表,1,1,1
haemongga,韓國原創,1,HAEMONGGA,HAEMONGGA,,HAEMONGGA,,1,0,0,—,—,0,0,0
hair,Broadway/West End,1,Hair,Hair,,Hair,,1,0,0,—,—,1,1,1
hairspray,Broadway/West End,16,Hairspray,Hairspray,髮膠明星夢,Hairspray,发胶星梦,1,1,1,官方譯名表,官方譯名表,1,1,1
hamilton,Broadway/West End,13,Hamilton,Hamilton,漢密爾頓,Hamilton,汉密尔顿,1,1,1,官方譯名表,官方譯名表,1,1,1
heathers,Broadway/West End,11,Heathers,Heathers,希德姐妹幫,Heathers,希德姐妹帮,1,1,1,官方譯名表,官方譯名表,1,1,1
hedwig and the angry inch,Broadway/West End,8,Hedwig and the Angry Inch,Hedwig and the Angry Inch,搖滾芭比,Hedwig and the Angry Inch,摇滚芭比,1,1,1,官方譯名表,官方譯名表,1,1,1
hello dolly,Broadway/West End,1,Hello Dolly,Hello Dolly,你好，多莉！,Hello Dolly,你好，多丽！,1,1,1,官方譯名表,官方譯名表,1,1,1
hells kitchen,Broadway/West End,14,Hell's Kitchen,Hell's Kitchen,,Hell's Kitchen,,1,0,0,—,—,1,1,1
hercules,Broadway/West End,1,Disney's Hercules,Disney's Hercules,大力士,Disney's Hercules,大力士,1,1,1,官方譯名表,官方譯名表,1,1,1
high school musical,Broadway/West End,1,High School Musical,High School Musical,歌舞青春,High School Musical,歌舞青春,1,1,1,官方譯名表,官方譯名表,1,1,1
high society,Broadway/West End,3,High Society,High Society,,High Society,,1,0,0,—,—,1,1,1
his story,韓國原創,1,모노뮤지컬 His-Story,모노뮤지컬 His-Story,,모노뮤지컬 His-Story,,0,0,0,—,—,0,0,0
hms pinafore w sarasota opera,Broadway/West End,1,HMS Pinafore w/ Sarasota Opera,HMS Pinafore w/ Sarasota Opera,,HMS Pinafore w/ Sarasota Opera,,1,0,0,—,—,1,1,1
holiday inn,Broadway/West End,1,Holiday Inn,Holiday Inn,,Holiday Inn,,1,0,0,—,—,1,1,1
honk,Broadway/West End,1,Honk!,Honk!,,Honk!,,1,0,0,—,—,1,1,1
hot mess,Broadway/West End,1,Hot Mess: A New Musical,Hot Mess: A New Musical,,Hot Mess: A New Musical,,1,0,0,—,—,1,1,1
how the grinch stole christmas,Broadway/West End,8,How the Grinch Stole Christmas,How the Grinch Stole Christmas,鬼靈精,How the Grinch Stole Christmas,圣诞怪杰,1,1,1,官方譯名表,官方譯名表,1,1,1
hunchback of notre dame,Broadway/West End,1,The Hunchback of Notre Dame,The Hunchback of Notre Dame,鐘樓怪人,The Hunchback of Notre Dame,钟楼怪人,1,1,1,官方譯名表,官方譯名表,1,1,1
hunky show,韓國原創,1,HUNKY SHOW,HUNKY SHOW,,HUNKY SHOW,,1,0,0,—,—,0,0,0
il ragazzo dai pantaloni rosa,歐陸原創,4,Il ragazzo dai pantaloni rosa,Il ragazzo dai pantaloni rosa,穿粉紅色褲子的男孩,Il ragazzo dai pantaloni rosa,穿粉红色裤子的男孩,1,1,1,官方譯名表,官方譯名表,1,1,1
im every woman,Broadway/West End,1,I'm Every Woman - The Chaka Khan Musical,I'm Every Woman - The Chaka Khan Musical,,I'm Every Woman - The Chaka Khan Musical,,1,0,0,—,—,1,1,1
imagilusion,西葡音樂劇,1,Imagilusion,Imagilusion,,Imagilusion,,1,0,0,—,—,1,1,1
in the heights,Broadway/West End,2,In the Heights,In the Heights,身在高地,In the Heights,身在高地,1,1,1,官方譯名表,官方譯名表,1,1,1
inside me,韓國原創,1,INSIDE ME,INSIDE ME,,INSIDE ME,,1,0,0,—,—,1,1,1
into the woods,Broadway/West End,2,Into the Woods,Into the Woods,拜訪森林,Into the Woods,魔法黑森林,1,1,1,官方譯名表,官方譯名表,1,1,1
jane eyre,Broadway/West End,6,Jane Eyre,Jane Eyre,簡愛,Jane Eyre,简·爱,1,1,1,官方譯名表,官方譯名表,1,1,1
jekyll and hyde,Broadway/West End,1,Jekyll & Hyde,Jekyll & Hyde,變身怪醫,Jekyll & Hyde,变身怪医,1,1,1,官方譯名表,官方譯名表,1,1,1
jersey boys,Broadway/West End,24,Jersey Boys,Jersey Boys,澤西男孩,Jersey Boys,泽西男孩,1,1,1,官方譯名表,官方譯名表,1,1,1
jesus christ superstar,Broadway/West End,16,Jesus Christ Superstar,Jesus Christ Superstar,萬世巨星,Jesus Christ Superstar,万世巨星,1,1,1,官方譯名表,官方譯名表,1,1,1
joseph and the amazing technicolor dreamcoat,Broadway/West End,4,Joseph and the Amazing Technicolor Dreamcoat,Joseph and the Amazing Technicolor Dreamcoat,約瑟的神奇彩衣,Joseph and the Amazing Technicolor Dreamcoat,约瑟的神奇彩衣,1,1,1,官方譯名表,官方譯名表,1,1,1
julekalender,歐陸原創,2,The Julekalender,The Julekalender,聖誕月曆,The Julekalender,圣诞月历,1,1,1,官方譯名表,官方譯名表,1,1,1
jurassic game,西葡音樂劇,1,Jurassic Game,Jurassic Game,,Jurassic Game,,1,0,0,—,—,1,1,1
just for one day,Broadway/West End,9,Just For One Day - The Live Aid Musical,Just For One Day - The Live Aid Musical,,Just For One Day - The Live Aid Musical,,1,0,0,—,—,1,1,1
just in time,Broadway/West End,3,Just In Time,Just In Time,,Just In Time,,1,0,0,—,—,1,1,1
kajko i kokosz szkoa latania,歐陸原創,1,Kajko i Kokosz. Szkoła latania,Kajko i Kokosz. Szkoła latania,,Kajko i Kokosz. Szkoła latania,,1,0,0,—,—,0,0,0
kapka medu pro verunku,歐陸原創,1,Kapka medu pro Verunku,Kapka medu pro Verunku,,Kapka medu pro Verunku,,1,0,0,—,—,1,1,1
kikis borderline personality disorder diary,韓國原創,1,Kiki's Borderline Personality Disorder Diary,Kiki's Borderline Personality Disorder Diary,,Kiki's Borderline Personality Disorder Diary,,1,0,0,—,—,1,1,1
kimberly akimbo,Broadway/West End,1,Kimberly Akimbo,Kimberly Akimbo,,Kimberly Akimbo,,1,0,0,—,—,1,1,1
kinky boots,Broadway/West End,4,Kinky Boots,Kinky Boots,長靴皇后,Kinky Boots,长靴皇后,1,1,1,官方譯名表,官方譯名表,1,1,1
la cage aux folles,Broadway/West End,2,La Cage aux Folles,La Cage aux Folles,一籠傻鳥,La Cage aux Folles,一笼傻鸟,1,1,1,官方譯名表,官方譯名表,1,1,1
la julia i el tauro,西葡音樂劇,1,La Júlia i el tauró,La Júlia i el tauró,茱莉亞與鯊魚,La Júlia i el tauró,茱莉娅与鲨鱼,1,1,1,官方譯名表,官方譯名表,1,1,1
la nit del music alt,西葡音樂劇,1,La Nit del Músic Alt,La Nit del Músic Alt,,La Nit del Músic Alt,,1,0,0,—,—,1,1,1
la opera de los tres centavos con coque malla,西葡音樂劇,1,"La Ópera de los tres centavos, con Coque Malla","La Ópera de los tres centavos, con Coque Malla",三便士歌劇,"La Ópera de los tres centavos, con Coque Malla",三便士歌剧,1,1,1,官方譯名表,官方譯名表,1,1,1
la rumba,西葡音樂劇,1,La Rumba,La Rumba,倫巴,La Rumba,伦巴,1,1,1,官方譯名表,官方譯名表,1,1,1
la vida en un segundo,西葡音樂劇,1,La vida en un segundo,La vida en un segundo,一秒鐘的人生,La vida en un segundo,一秒钟的人生,1,1,1,官方譯名表,官方譯名表,1,1,1
last five years,Broadway/West End,2,The Last Five Years,The Last Five Years,,The Last Five Years,,1,0,0,—,—,1,1,1
last ship,Broadway/West End,1,The Last Ship,The Last Ship,,The Last Ship,,1,0,0,—,—,1,1,1
laundry,韓國原創,1,laundry,laundry,,laundry,,1,0,0,—,—,1,1,1
le roi soleil,法式音樂劇,2,Le Roi Soleil,Le Roi Soleil,太陽王,Le Roi Soleil,太阳王,1,1,1,官方譯名表,官方譯名表,1,1,1
legally blonde,Broadway/West End,17,Legally Blonde,Legally Blonde,金法尤物,Legally Blonde,律政俏佳人,1,1,1,官方譯名表,官方譯名表,1,1,1
legy jo mindhalalig,歐陸原創,1,Légy jó mindhalálig,Légy jó mindhalálig,至死為善,Légy jó mindhalálig,至死为善,1,1,1,官方譯名表,官方譯名表,1,1,1
les miserables,Broadway/West End,10,Les Misérables,Les Misérables,悲慘世界,Les Misérables,悲惨世界,1,1,1,官方譯名表,官方譯名表,1,1,1
les souliers rouges the red shoes,法式音樂劇,2,Les Souliers Rouges (The Red Shoes),Les Souliers Rouges (The Red Shoes),紅舞鞋,Les Souliers Rouges (The Red Shoes),红舞鞋,1,1,1,官方譯名表,官方譯名表,1,1,1
let me fly,韓國原創,1,LET ME FLY,LET ME FLY,,LET ME FLY,,1,0,0,—,—,0,0,0
let the cheongsachorong shine,韓國原創,1,Let the Cheongsachorong Shine!,Let the Cheongsachorong Shine!,,Let the Cheongsachorong Shine!,,1,0,0,—,—,0,0,0
leyendas mexicanas de terror 2,西葡音樂劇,1,Leyendas Mexicanas De Terror 2,Leyendas Mexicanas De Terror 2,墨西哥恐怖傳說 2,Leyendas Mexicanas De Terror 2,墨西哥恐怖传说 2,1,1,1,官方譯名表,官方譯名表,0,0,0
libre,西葡音樂劇,1,Libre,Libre,自由,Libre,自由,1,1,1,官方譯名表,官方譯名表,1,1,1
lion king,Broadway/West End,16,The Lion King,The Lion King,獅子王,The Lion King,狮子王,1,1,1,官方譯名表,官方譯名表,1,1,1
little mermaid,Broadway/West End,2,The Little Mermaid,The Little Mermaid,小美人魚,The Little Mermaid,小美人鱼,1,1,1,官方譯名表,官方譯名表,1,1,1
little shop of horrors,Broadway/West End,3,Little Shop of Horrors,Little Shop of Horrors,恐怖小店,Little Shop of Horrors,恐怖小店,1,1,1,官方譯名表,官方譯名表,1,1,1
little women,Broadway/West End,2,Little Women,Little Women,小婦人,Little Women,小妇人,1,1,1,官方譯名表,官方譯名表,1,1,1
lizzie,Broadway/West End,2,Lizzie,Lizzie,,Lizzie,,1,0,0,—,—,1,1,1
london way ivresse vague,日本原創,2,The London Way／Ivresse Vague,The London Way／Ivresse Vague,,The London Way／Ivresse Vague,,1,0,0,—,—,1,1,1
los chicos del coro,西葡音樂劇,1,Los chicos del coro,Los chicos del coro,放牛班的春天,Los chicos del coro,放牛班的春天,1,1,1,官方譯名表,官方譯名表,1,1,1
lost boys,Broadway/West End,1,The Lost Boys: A New Musical,The Lost Boys: A New Musical,,The Lost Boys: A New Musical,,1,0,0,—,—,1,1,1
love any way,台灣原創,1,"Love, Any Way? 愛，就愛吧？","Love, Any Way? 愛，就愛吧？",,"Love, Any Way? 爱，就爱吧？",,0,1,1,原生中文,原生中文,1,1,1
love never dies,Broadway/West End,1,Love Never Dies,Love Never Dies,愛無止盡,Love Never Dies,爱无止尽,1,1,1,官方譯名表,官方譯名表,1,1,1
lupin,歐陸原創,2,LUPIN - Il Musical,LUPIN - Il Musical,亞森·羅蘋,LUPIN - Il Musical,亚森·罗宾,1,1,1,官方譯名表,官方譯名表,1,1,1
m butterfly,韓國原創,1,M. Butterfly,M. Butterfly,,M. Butterfly,,1,0,0,—,—,0,0,0
macskafogo,歐陸原創,2,Macskafogó,Macskafogó,貓城,Macskafogó,猫城,1,1,1,官方譯名表,官方譯名表,1,1,1
madagascar,Broadway/West End,1,Madagascar,Madagascar,馬達加斯加,Madagascar,马达加斯加,1,1,1,官方譯名表,官方譯名表,1,1,1
madangnori chunpungs wife,韓國原創,1,MADANGNORI CHUNPUNG's WIFE,MADANGNORI CHUNPUNG's WIFE,,MADANGNORI CHUNPUNG's WIFE,,1,0,0,—,—,1,1,1
made in hungaria,歐陸原創,2,MADE IN HUNGÁRIA,MADE IN HUNGÁRIA,匈牙利製造,MADE IN HUNGÁRIA,匈牙利制造,1,1,1,官方譯名表,官方譯名表,1,1,1
mamma mia,Broadway/West End,30,Mamma Mia!,Mamma Mia!,媽媽咪呀!,Mamma Mia!,妈妈咪呀!,1,1,1,官方譯名表,官方譯名表,1,1,1
maradona el diego,歐陸原創,17,Maradona El Diego - Opera Musical,Maradona El Diego - Opera Musical,迪亞哥·馬拉度納,Maradona El Diego - Opera Musical,迭戈·马拉多纳,1,1,1,官方譯名表,官方譯名表,1,1,1
maria theresia,德奧音樂劇,1,MARIA THERESIA – DAS MUSICAL,MARIA THERESIA – DAS MUSICAL,瑪麗亞·特蕾莎,MARIA THERESIA – DAS MUSICAL,玛丽亚·特蕾莎,1,1,1,官方譯名表,官方譯名表,1,1,1
mariana,西葡音樂劇,1,Mariana,Mariana,,Mariana,,1,0,0,—,—,0,0,0
martin guerre,Broadway/West End,1,Martin Guerre,Martin Guerre,馬丁·蓋爾,Martin Guerre,马丁·盖尔,1,1,1,官方譯名表,官方譯名表,1,1,1
marvin,Broadway/West End,8,MARVIN - The Marvin Gaye Musical,MARVIN - The Marvin Gaye Musical,,MARVIN - The Marvin Gaye Musical,,1,0,0,—,—,1,1,1
mary poppins,Broadway/West End,2,Mary Poppins,Mary Poppins,歡樂滿人間,Mary Poppins,欢乐满人间,1,1,1,官方譯名表,官方譯名表,1,1,1
masquerade,Broadway/West End,1,Masquerade,Masquerade,,Masquerade,,1,0,0,—,—,1,1,1
matilda,Broadway/West End,7,Matilda,Matilda,瑪蒂達,Matilda,玛蒂尔达,1,1,1,官方譯名表,官方譯名表,1,1,1
maybe happy ending,韓國原創,24,Maybe Happy Ending,Maybe Happy Ending,或許是美好結局,Maybe Happy Ending,也许美好结局,1,1,1,官方譯名表,官方譯名表,1,1,1
me and my girl,Broadway/West End,1,Me and My Girl,Me and My Girl,,Me and My Girl,,1,0,0,—,—,1,1,1
mean girls,Broadway/West End,11,Mean Girls,Mean Girls,辣妹過招,Mean Girls,贱女孩,1,1,1,官方譯名表,官方譯名表,1,1,1
memory card 2 georgia through masterpieces of music and cinema,Broadway/West End,1,Memory Card #2: Georgia Through Masterpieces of Music and Cinema,Memory Card #2: Georgia Through Masterpieces of Music and Cinema,,Memory Card #2: Georgia Through Masterpieces of Music and Cinema,,1,0,0,—,—,0,0,0
memphis,Broadway/West End,1,Memphis,Memphis,,Memphis,,1,0,0,—,—,1,1,1
menopause,Broadway/West End,28,Menopause The Musical,Menopause The Musical,,Menopause The Musical,,1,0,0,—,—,1,1,1
mentidrags,西葡音樂劇,1,Mentidrags,Mentidrags,,Mentidrags,,1,0,0,—,—,1,1,1
mentiras,西葡音樂劇,3,"Mentiras, el Musical","Mentiras, el Musical",謊言,"Mentiras, el Musical",谎言,1,1,1,官方譯名表,官方譯名表,1,1,1
metro,歐陸原創,2,Metro,Metro,地鐵,Metro,地铁,1,1,1,官方譯名表,官方譯名表,1,1,1
mexodus,Broadway/West End,1,Mexodus,Mexodus,,Mexodus,,1,0,0,—,—,1,1,1
mi madre serrat y yo,西葡音樂劇,1,"Mi madre, Serrat y yo","Mi madre, Serrat y yo",我媽媽、色拉特和我,"Mi madre, Serrat y yo",我妈妈、色拉特和我,1,1,1,官方譯名表,官方譯名表,1,1,1
mi padre sabina y yo,西葡音樂劇,1,"Mi Padre, Sabina y Yo","Mi Padre, Sabina y Yo",我爸爸、Sabina 和我,"Mi Padre, Sabina y Yo",我爸爸、Sabina 和我,1,1,1,官方譯名表,官方譯名表,1,1,1
michelangelo da caravaggio,歐陸原創,3,Michelangelo da Caravaggio - A Rock Musical,Michelangelo da Caravaggio - A Rock Musical,卡拉瓦喬,Michelangelo da Caravaggio - A Rock Musical,卡拉瓦乔,1,1,1,官方譯名表,官方譯名表,1,1,1
midnight,Broadway/West End,1,Midnight,Midnight,,Midnight,,1,0,0,—,—,1,1,1
midnight at the never get,Broadway/West End,1,Midnight at the Never Get,Midnight at the Never Get,,Midnight at the Never Get,,1,0,0,—,—,1,1,1
mil guitarras,西葡音樂劇,1,Mil guitarras - El Rock Musical,Mil guitarras - El Rock Musical,一千把吉他,Mil guitarras - El Rock Musical,一千把吉他,1,1,1,官方譯名表,官方譯名表,1,1,1
million dollar quartet,Broadway/West End,3,Million Dollar Quartet,Million Dollar Quartet,,Million Dollar Quartet,,1,0,0,—,—,1,1,1
mindig itt leszunk mohacs 500,歐陸原創,1,Mindig itt leszünk...Mohács 500,Mindig itt leszünk...Mohács 500,我們永遠在此·莫哈奇500,Mindig itt leszünk...Mohács 500,我们永远在此·莫哈奇500,1,1,1,官方譯名表,官方譯名表,1,1,1
miracle on 34th street,Broadway/West End,1,Miracle On 34th Street,Miracle On 34th Street,,Miracle On 34th Street,,1,0,0,—,—,1,1,1
miss saigon,Broadway/West End,3,Miss Saigon,Miss Saigon,西貢小姐,Miss Saigon,西贡小姐,1,1,1,官方譯名表,官方譯名表,1,1,1
mistrz i magorzata,歐陸原創,1,MISTRZ I MAŁGORZATA,MISTRZ I MAŁGORZATA,,MISTRZ I MAŁGORZATA,,1,0,0,—,—,0,0,0
mj,Broadway/West End,3,MJ the Musical,MJ the Musical,,MJ the Musical,,1,0,0,—,—,1,1,1
mocal story,歐陸原創,1,Močál Story,Močál Story,沼澤故事,Močál Story,沼泽故事,1,1,1,官方譯名表,官方譯名表,1,1,1
monstruos,西葡音樂劇,1,Monstruos el Musical,Monstruos el Musical,怪物,Monstruos el Musical,怪物,1,1,1,官方譯名表,官方譯名表,0,0,0
moon sorbet,韓國原創,1,Moon Sorbet,Moon Sorbet,,Moon Sorbet,,1,0,0,—,—,1,1,1
motherhood,Broadway/West End,2,Motherhood the Musical,Motherhood the Musical,,Motherhood the Musical,,1,0,0,—,—,0,0,0
moulin rouge,Broadway/West End,7,Moulin Rouge!,Moulin Rouge!,紅磨坊,Moulin Rouge!,红磨坊,1,1,1,官方譯名表,官方譯名表,1,1,1
mrs doubtfire,Broadway/West End,20,Mrs. Doubtfire,Mrs. Doubtfire,窈窕奶爸,Mrs. Doubtfire,窈窕奶爸,1,1,1,官方譯名表,官方譯名表,1,1,1
murder for two,Broadway/West End,3,Murder for Two,Murder for Two,,Murder for Two,,1,0,0,—,—,1,1,1
music man,Broadway/West End,3,The Music Man,The Music Man,歡樂音樂妙無窮,The Music Man,欢乐音乐妙无穷,1,1,1,官方譯名表,官方譯名表,1,1,1
musical 1989,歐陸原創,1,Musical 1989,Musical 1989,,Musical 1989,,1,0,0,—,—,1,1,1
musical love confession,韓國原創,1,고백 (Musical Love Confession,고백 (Musical Love Confession,,고백 (Musical Love Confession,,0,0,0,—,—,0,0,0
musical taru,台灣原創,3,Musical TARU！恐龍復活了！,Musical TARU！恐龍復活了！,,Musical TARU！恐龙复活了！,,0,1,1,原生中文,原生中文,1,1,1
my bucket list,韓國原創,6,My Bucket List,My Bucket List,我的遺願清單,My Bucket List,我的遗愿清单,1,1,1,官方譯名表,官方譯名表,1,1,1
my fair lady,Broadway/West End,3,My Fair Lady,My Fair Lady,窈窕淑女,My Fair Lady,窈窕淑女,1,1,1,官方譯名表,官方譯名表,1,1,1
mystic pizza,Broadway/West End,9,Mystic Pizza,Mystic Pizza,,Mystic Pizza,,1,0,0,—,—,1,1,1
na prochach,歐陸原創,1,Na prochach,Na prochach,,Na prochach,,1,0,0,—,—,0,0,0
naruto,日本原創,1,NARUTO-ナルト-,NARUTO-ナルト-,,NARUTO-ナルト-,,0,0,0,—,—,0,0,0
ne zha,中國原創,1,哪吒NE ZHA,哪吒NE ZHA,,哪吒NE ZHA,,0,1,1,原生中文,原生中文,0,0,0
next to normal,Broadway/West End,1,Next to Normal,Next to Normal,近乎正常,Next to Normal,近乎正常,1,1,1,官方譯名表,官方譯名表,1,1,1
nikola tesla vegtelen energia,歐陸原創,1,Nikola Tesla - Végtelen energia,Nikola Tesla - Végtelen energia,尼古拉·特斯拉：無限能量,Nikola Tesla - Végtelen energia,尼古拉·特斯拉：无限能量,1,1,1,官方譯名表,官方譯名表,1,1,1
nine,Broadway/West End,1,Nine,Nine,,Nine,,1,0,0,—,—,1,1,1
notebook,Broadway/West End,14,The Notebook,The Notebook,手札情緣,The Notebook,恋恋笔记本,1,1,1,官方譯名表,官方譯名表,1,1,1
notre dame de paris,法式音樂劇,14,Notre-Dame de Paris,Notre-Dame de Paris,鐘樓怪人,Notre-Dame de Paris,巴黎圣母院,1,1,1,官方譯名表,官方譯名表,1,1,1
nunsense,Broadway/West End,1,Nunsense,Nunsense,,Nunsense,,1,0,0,—,—,1,1,1
oedipus,韓國原創,1,Oedipus,Oedipus,伊底帕斯,Oedipus,伊底帕斯,1,1,1,官方譯名表,官方譯名表,1,1,1
oklahoma,Broadway/West End,2,Oklahoma!,Oklahoma!,奧克拉荷馬!,Oklahoma!,俄克拉荷马!,1,1,1,官方譯名表,官方譯名表,1,1,1
oliver,Broadway/West End,7,Oliver!,Oliver!,孤雛淚,Oliver!,雾都孤儿,1,1,1,官方譯名表,官方譯名表,1,1,1
oliver twist,歐陸原創,3,Oliver Twist,Oliver Twist,孤雛淚,Oliver Twist,雾都孤儿,1,1,1,官方譯名表,官方譯名表,1,1,1
on your feet,Broadway/West End,1,On Your Feet!,On Your Feet!,,On Your Feet!,,1,0,0,—,—,0,0,0
once,Broadway/West End,1,Once,Once,,Once,,1,0,0,—,—,1,1,1
one day,Broadway/West End,1,One Day – The Musical,One Day – The Musical,,One Day – The Musical,,1,0,0,—,—,1,1,1
one sleepy night,Broadway/West End,1,One Sleepy Night,One Sleepy Night,,One Sleepy Night,,1,0,0,—,—,1,1,1
operation mincemeat,Broadway/West End,18,Operation Mincemeat: A New Musical,Operation Mincemeat: A New Musical,,Operation Mincemeat: A New Musical,,1,0,0,—,—,1,1,1
origin of species,韓國原創,1,The Origin of Species,The Origin of Species,,The Origin of Species,,1,0,0,—,—,0,0,0
osky y su hilo multicolor,西葡音樂劇,1,Osky y su Hilo Multicolor,Osky y su Hilo Multicolor,Osky 與他的彩色線,Osky y su Hilo Multicolor,Osky 与他的彩色线,1,1,1,官方譯名表,官方譯名表,1,1,1
our ladies of perpetual succour,Broadway/West End,1,Our Ladies of Perpetual Succour,Our Ladies of Perpetual Succour,,Our Ladies of Perpetual Succour,,1,0,0,—,—,1,1,1
outsiders,Broadway/West End,18,The Outsiders,The Outsiders,小教父,The Outsiders,小教父,1,1,1,官方譯名表,官方譯名表,1,1,1
paddington,Broadway/West End,1,Paddington The Musical,Paddington The Musical,帕丁頓熊,Paddington The Musical,帕丁顿熊,1,1,1,官方譯名表,官方譯名表,1,1,1
pandorahearts,日本原創,2,PandoraHearts,PandoraHearts,,PandoraHearts,,1,0,0,—,—,1,1,1
parade,Broadway/West End,2,Parade,Parade,,Parade,,1,0,0,—,—,1,1,1
park yeol,韓國原創,1,Park Yeol,Park Yeol,,Park Yeol,,1,0,0,—,—,0,0,0
pegados,西葡音樂劇,1,Pegados,Pegados,黏在一起,Pegados,黏在一起,1,1,1,官方譯名表,官方譯名表,1,1,1
peter pan,Broadway/West End,3,Peter Pan,Peter Pan,彼得潘,Peter Pan,彼得潘,1,1,1,官方譯名表,官方譯名表,1,1,1
peter pan il musical bennato,歐陸原創,1,Peter Pan,Peter Pan,彼得潘,Peter Pan,彼得·潘,1,1,1,官方譯名表,官方譯名表,1,1,1
phantom of the opera,Broadway/West End,18,The Phantom of the Opera,The Phantom of the Opera,歌劇魅影,The Phantom of the Opera,剧院魅影,1,1,1,官方譯名表,官方譯名表,1,1,1
picture of dorian gray,韓國原創,3,The Picture of Dorian Gray,The Picture of Dorian Gray,道林·格雷,The Picture of Dorian Gray,道林·格雷,1,1,1,官方譯名表,官方譯名表,1,1,1
pilgrims progress,韓國原創,1,The Pilgrim’s Progress,The Pilgrim’s Progress,,The Pilgrim’s Progress,,1,0,0,—,—,1,1,1
pinocchio,Broadway/West End,1,Pinocchio,Pinocchio,,Pinocchio,,1,0,0,—,—,1,1,1
pinocchio musical,歐陸原創,2,"Pinocchio, Musical","Pinocchio, Musical",木偶奇遇記,"Pinocchio, Musical",木偶奇遇记,1,1,1,官方譯名表,官方譯名表,1,1,1
piotrus pan,歐陸原創,1,PIOTRUŚ PAN,PIOTRUŚ PAN,,PIOTRUŚ PAN,,1,0,0,—,—,0,0,0
pippi pa sirkus,歐陸原創,1,Pippi at the Circus,Pippi på sirkus,長襪皮皮在馬戲團,Pippi på sirkus,长袜子皮皮在马戏团,1,1,1,官方譯名表,官方譯名表,1,1,1
pippin,Broadway/West End,1,Pippin,Pippin,,Pippin,,1,0,0,—,—,1,1,1
pirates of penzance,Broadway/West End,4,Pirates of Penzance,Pirates of Penzance,彭贊斯的海盜,Pirates of Penzance,彭赞斯的海盗,1,1,1,官方譯名表,官方譯名表,1,1,1
polita,歐陸原創,1,POLITA,POLITA,波拉·尼格利,POLITA,波拉·内格里,1,1,1,官方譯名表,官方譯名表,1,1,1
portrait of a boy,韓國原創,1,Portrait of a boy,Portrait of a boy,,Portrait of a boy,,1,0,0,—,—,1,1,1
pretty woman,Broadway/West End,14,Pretty Woman,Pretty Woman,麻雀變鳳凰,Pretty Woman,风月俏佳人,1,1,1,官方譯名表,官方譯名表,1,1,1
pride,Broadway/West End,2,Pride,Pride,,Pride,,1,0,0,—,—,1,1,1
prince of egypt,Broadway/West End,2,The Prince of Egypt,The Prince of Egypt,埃及王子,The Prince of Egypt,埃及王子,1,1,1,官方譯名表,官方譯名表,1,1,1
princesas,西葡音樂劇,1,Princesas,Princesas,公主們,Princesas,公主们,1,1,1,官方譯名表,官方譯名表,1,1,1
princess story,西葡音樂劇,8,Princess Story,Princess Story,,Princess Story,,1,0,0,—,—,1,1,1
producers,Broadway/West End,3,The Producers,The Producers,金牌製作人,The Producers,金牌制作人,1,1,1,官方譯名表,官方譯名表,1,1,1
q,中國原創,1,阿Q与吴妈,阿Q與吳媽,,阿Q与吴妈,,0,1,1,原生中文,原生中文,0,0,0
rabbits eight sufferings,韓國原創,1,RABBIT'S EIGHT SUFFERINGS,RABBIT'S EIGHT SUFFERINGS,,RABBIT'S EIGHT SUFFERINGS,,1,0,0,—,—,1,1,1
raffaella,歐陸原創,2,Raffaella il Musical,Raffaella il Musical,拉斐拉·卡拉,Raffaella il Musical,拉斐拉·卡拉,1,1,1,官方譯名表,官方譯名表,1,1,1
rebecca,德奧音樂劇,1,Rebecca,Rebecca,蝴蝶夢,Rebecca,蝴蝶梦,1,1,1,官方譯名表,官方譯名表,1,1,1
rebelove karlin,歐陸原創,1,Rebelové Karlín,Rebelové Karlín,叛逆者,Rebelové Karlín,叛逆者,1,1,1,官方譯名表,官方譯名表,1,1,1
rent,Broadway/West End,4,Rent,Rent,吉屋出租,Rent,吉屋出租,1,1,1,官方譯名表,官方譯名表,1,1,1
ride the cyclone,Broadway/West End,1,Ride the Cyclone,Ride the Cyclone,,Ride the Cyclone,,1,0,0,—,—,1,1,1
rincones con lorena gomez,西葡音樂劇,1,"Rincones, con Lorena Gómez - Un musical sobre los amores de tu vida","Rincones, con Lorena Gómez - Un musical sobre los amores de tu vida",角落,"Rincones, con Lorena Gómez - Un musical sobre los amores de tu vida",角落,1,1,1,官方譯名表,官方譯名表,1,1,1
rita lee uma autobiografia musical,西葡音樂劇,1,"Rita Lee, uma autobiografia musical","Rita Lee, uma autobiografia musical",Rita Lee：音樂自傳,"Rita Lee, uma autobiografia musical",Rita Lee：音乐自传,1,1,1,官方譯名表,官方譯名表,1,1,1
road to legend,日本原創,1,Road to Legend-,Road to Legend-,,Road to Legend-,,1,0,0,—,—,1,1,1
robin hood,Broadway/West End,1,Robin Hood,Robin Hood,羅賓漢,Robin Hood,罗宾汉,1,1,1,官方譯名表,官方譯名表,1,1,1
rocio durcal es inolvidable,西葡音樂劇,1,Rocío Dúrcal es inolvidable,Rocío Dúrcal es inolvidable,羅西奧·杜爾卡爾令人難忘,Rocío Dúrcal es inolvidable,罗西奥·杜尔卡尔令人难忘,1,1,1,官方譯名表,官方譯名表,1,1,1
rock of ages,Broadway/West End,1,Rock of Ages,Rock of Ages,搖滾年代,Rock of Ages,摇滚年代,1,1,1,官方譯名表,官方譯名表,1,1,1
rocky,Broadway/West End,2,Rocky,Rocky,,Rocky,,1,0,0,—,—,1,1,1
rocky horror show,Broadway/West End,2,The Rocky Horror Show,The Rocky Horror Show,洛基恐怖秀,The Rocky Horror Show,洛基恐怖秀,1,1,1,官方譯名表,官方譯名表,1,1,1
rollers forever,Broadway/West End,2,Rollers Forever,Rollers Forever,,Rollers Forever,,1,0,0,—,—,1,1,1
romeo and juliet,韓國原創,1,Romeo & Juliet,Romeo & Juliet,,Romeo & Juliet,,1,0,0,—,—,0,0,0
romeo et juliette,法式音樂劇,9,Roméo et Juliette,Roméo et Juliette,羅密歐與茱麗葉,Roméo et Juliette,罗密欧与朱丽叶,1,1,1,官方譯名表,官方譯名表,1,1,1
romeo i julia,歐陸原創,1,ROMEO I JULIA,ROMEO I JULIA,,ROMEO I JULIA,,1,0,0,—,—,0,0,0
ronja rovardotter,歐陸原創,1,Ronja Rövardotter,Ronja Rövardotter,強盜的女兒,Ronja Rövardotter,绿林女儿罗妮娅,1,1,1,官方譯名表,官方譯名表,1,1,1
rrr takarazuka rama,日本原創,2,RRR × TAKA”R”AZUKA ～√Rama～,RRR × TAKA”R”AZUKA ～√Rama～,,RRR × TAKA”R”AZUKA ～√Rama～,,1,0,0,—,—,1,1,1
rudolph the red nosed reindeer,Broadway/West End,1,Rudolph the Red-Nosed Reindeer,Rudolph the Red-Nosed Reindeer,,Rudolph the Red-Nosed Reindeer,,1,0,0,—,—,1,1,1
ruthless,Broadway/West End,1,Ruthless,Ruthless,,Ruthless,,1,0,0,—,—,1,1,1
sa som i himmelen,歐陸原創,1,Så som i himmelen,Så som i himmelen,就像在天堂,Så som i himmelen,其实在天堂,1,1,1,官方譯名表,官方譯名表,1,1,1
salon rosie,德奧音樂劇,1,Salon Rosie,Salon Rosie,,Salon Rosie,,1,0,0,—,—,1,1,1
santa claus,Broadway/West End,1,Santa Claus,Santa Claus,,Santa Claus,,1,0,0,—,—,1,1,1
saturnin hybernia,歐陸原創,1,Saturnin Hybernia,Saturnin Hybernia,,Saturnin Hybernia,,1,0,0,—,—,1,1,1
savior,中國原創,1,Savior,Savior,,Savior,,1,0,0,—,—,0,0,0
schmigadoon,Broadway/West End,1,Schmigadoon!,Schmigadoon!,,Schmigadoon!,,1,0,0,—,—,1,1,1
schneekonigin,德奧音樂劇,1,Schneekönigin - das Musical,Schneekönigin - das Musical,冰雪女王,Schneekönigin - das Musical,冰雪女王,1,1,1,官方譯名表,官方譯名表,1,1,1
school of rock,Broadway/West End,2,School of Rock,School of Rock,搖滾教室,School of Rock,摇滚校园,1,1,1,官方譯名表,官方譯名表,1,1,1
screwtape letters,韓國原創,1,The Screwtape Letters – A Musical,The Screwtape Letters – A Musical,,The Screwtape Letters – A Musical,,1,0,0,—,—,1,1,1
scrooge,Broadway/West End,1,Scrooge,Scrooge,,Scrooge,,1,0,0,—,—,1,1,1
serce ze szka musical zen,歐陸原創,1,Serce ze szkła. Musical zen,Serce ze szkła. Musical zen,玻璃之心,Serce ze szkła. Musical zen,玻璃之心,1,1,1,官方譯名表,官方譯名表,1,1,1
shadow,韓國原創,1,SHADOW,SHADOW,,SHADOW,,1,0,0,—,—,1,1,1
she loves me,Broadway/West End,1,She Loves Me,She Loves Me,,She Loves Me,,1,0,0,—,—,1,1,1
show boat,Broadway/West End,1,Show Boat,Show Boat,畫舫璇宮,Show Boat,演艺船,1,1,1,官方譯名表,官方譯名表,1,1,1
shrek,Broadway/West End,4,Shrek The Musical,Shrek The Musical,史瑞克,Shrek The Musical,怪物史莱克,1,1,1,官方譯名表,官方譯名表,1,1,1
shucked,Broadway/West End,13,Shucked,Shucked,,Shucked,,1,0,0,—,—,1,1,1
si sol mi,台灣原創,1,Miserable Si Sol Mi,小裸女Si Sol Mi,,小裸女Si Sol Mi,,1,1,1,原生中文,原生中文,1,1,1
sinatra,Broadway/West End,1,Sinatra The Musical,Sinatra The Musical,,Sinatra The Musical,,1,0,0,—,—,1,1,1
singin in the rain,Broadway/West End,7,Singin' In The Rain,Singin' In The Rain,萬花嬉春,Singin' In The Rain,雨中曲,1,1,1,官方譯名表,官方譯名表,1,1,1
sister act,Broadway/West End,2,Sister Act,Sister Act,修女也瘋狂,Sister Act,修女也疯狂,1,1,1,官方譯名表,官方譯名表,1,1,1
six,Broadway/West End,46,SIX,SIX,,SIX,,1,0,0,—,—,1,1,1
smartest giant in town,Broadway/West End,1,The Smartest Giant in Town,The Smartest Giant in Town,,The Smartest Giant in Town,,1,0,0,—,—,1,1,1
snowboardaci,歐陸原創,1,Snowboarďáci,Snowboarďáci,滑雪板玩家,Snowboarďáci,滑雪板玩家,1,1,1,官方譯名表,官方譯名表,1,1,1
socrates paradox,韓國原創,1,SOCRATES PARADOX,SOCRATES PARADOX,,SOCRATES PARADOX,,1,0,0,—,—,0,0,0
someday,韓國原創,1,Someday,Someday,,Someday,,1,0,0,—,—,0,0,0
something rotten,Broadway/West End,1,Something Rotten!,Something Rotten!,,Something Rotten!,,1,0,0,—,—,1,1,1
sound of music,Broadway/West End,26,The Sound of Music,The Sound of Music,真善美,The Sound of Music,音乐之声,1,1,1,官方譯名表,官方譯名表,1,1,1
south pacific,Broadway/West End,1,South Pacific,South Pacific,,South Pacific,,1,0,0,—,—,1,1,1
spamalot,Broadway/West End,13,Spamalot,Spamalot,,Spamalot,,1,0,0,—,—,1,1,1
spongebob musical,Broadway/West End,2,The Spongebob Musical,The Spongebob Musical,海綿寶寶,The Spongebob Musical,海绵宝宝,1,1,1,官方譯名表,官方譯名表,1,1,1
spotlight,韓國原創,1,SpotLight,SpotLight,,SpotLight,,1,0,0,—,—,0,0,0
spyfamily 2,日本原創,1,SPY×FAMILY 2 爆弾犬篇＆豪華客船篇,SPY×FAMILY 2 爆弾犬篇＆豪華客船篇,,SPY×FAMILY 2 爆弾犬篇＆豪华客船篇,,0,0,0,日文漢字題名,日文漢字題名,1,1,1
stage tsurugi,日本原創,1,新サクラ大戦 the Stage ～誠伝 TSURUGI～,新サクラ大戦 the Stage ～誠伝 TSURUGI～,,新サクラ大戦 the Stage ～诚伝 TSURUGI～,,0,0,0,—,—,1,1,1
starlight express,Broadway/West End,4,Starlight Express,Starlight Express,星光列車,Starlight Express,星光列车,1,1,1,官方譯名表,官方譯名表,1,1,1
starzynski,歐陸原創,1,Starzyński,Starzyński,,Starzyński,,1,0,0,—,—,0,0,0
stravinsky,韓國原創,1,Stravinsky,Stravinsky,,Stravinsky,,1,0,0,—,—,1,1,1
summer,Broadway/West End,1,Summer - The Donna Summer Musical,Summer - The Donna Summer Musical,,Summer - The Donna Summer Musical,,1,0,0,—,—,1,1,1
sunday in the park with george,Broadway/West End,1,Sunday in the Park with George,Sunday in the Park with George,,Sunday in the Park with George,,1,0,0,—,—,1,1,1
sunny ten,韓國原創,1,Sunny Ten,Sunny Ten,,Sunny Ten,,1,0,0,—,—,1,1,1
sunset boulevard,Broadway/West End,1,Sunset Boulevard,Sunset Boulevard,日落大道,Sunset Boulevard,日落大道,1,1,1,官方譯名表,官方譯名表,1,1,1
sweeney todd,Broadway/West End,3,Sweeney Todd,Sweeney Todd,理髮師陶德,Sweeney Todd,理发师陶德,1,1,1,官方譯名表,官方譯名表,1,1,1
sylvia,Broadway/West End,1,Sylvia,Sylvia,,Sylvia,,1,0,0,—,—,1,1,1
tabaluga und lilli,德奧音樂劇,1,Tabaluga und Lilli,Tabaluga und Lilli,,Tabaluga und Lilli,,1,0,0,—,—,1,1,1
tanz der vampire,德奧音樂劇,2,Tanz der Vampire,Tanz der Vampire,吸血鬼之舞,Tanz der Vampire,吸血鬼之舞,1,1,1,官方譯名表,官方譯名表,1,1,1
tarzan,Broadway/West End,1,Tarzan,Tarzan,泰山,Tarzan,泰山,1,1,1,官方譯名表,官方譯名表,1,1,1
ternet ninja,歐陸原創,1,Checkered Ninja,Ternet Ninja,格子忍者,Ternet Ninja,格子忍者,1,1,1,官方譯名表,官方譯名表,1,1,1
thelma and louise,Broadway/West End,1,Thelma & Louise: A New Musical,Thelma & Louise: A New Musical,,Thelma & Louise: A New Musical,,1,0,0,—,—,1,1,1
thrill me,Broadway/West End,5,Thrill Me,Thrill Me,,Thrill Me,,1,0,0,—,—,1,1,1
tiger and bunny,日本原創,2,TIGER & BUNNY,TIGER & BUNNY,,TIGER & BUNNY,,1,0,0,—,—,1,1,1
tina,Broadway/West End,3,Tina,Tina,,Tina,,1,0,0,—,—,1,1,1
titanique,Broadway/West End,3,Titanique,Titanique,,Titanique,,1,0,0,—,—,1,1,1
tommy,Broadway/West End,14,Tommy,Tommy,,Tommy,,1,0,0,—,—,1,1,1
tootsie,Broadway/West End,2,Tootsie,Tootsie,窈窕淑男,Tootsie,窈窕淑男,1,1,1,官方譯名表,官方譯名表,1,1,1
touch five,韓國原創,1,TOUCH FIVE,TOUCH FIVE,,TOUCH FIVE,,1,0,0,—,—,0,0,0
trainspotting,Broadway/West End,1,Trainspotting the Musical,Trainspotting the Musical,,Trainspotting the Musical,,1,0,0,—,—,1,1,1
treadmill,韓國原創,2,treadmill,treadmill,,treadmill,,1,0,0,—,—,1,1,1
tuck everlasting,Broadway/West End,1,Tuck Everlasting,Tuck Everlasting,,Tuck Everlasting,,1,0,0,—,—,1,1,1
turbulent age,韓國原創,1,Turbulent age,Turbulent age,,Turbulent age,,1,0,0,—,—,0,0,0
two strangers carry a cake across new york,Broadway/West End,1,Two Strangers (Carry a Cake Across New York),Two Strangers (Carry a Cake Across New York),,Two Strangers (Carry a Cake Across New York),,1,0,0,—,—,1,1,1
un refugi al sol,西葡音樂劇,2,Un refugi al sol,Un refugi al sol,陽光下的避難所,Un refugi al sol,阳光下的避难所,1,1,1,官方譯名表,官方譯名表,1,1,1
unauthorized hallmark ish parody musical,Broadway/West End,4,The Unauthorized Hallmark(ish) Parody Musical,The Unauthorized Hallmark(ish) Parody Musical,,The Unauthorized Hallmark(ish) Parody Musical,,1,0,0,—,—,1,1,1
urinetown,Broadway/West End,3,Urinetown,Urinetown,尿尿城,Urinetown,尿都,1,1,1,官方譯名表,官方譯名表,1,1,1
valahol europaban,歐陸原創,1,Valahol Európában,Valahol Európában,歐洲的某個地方,Valahol Európában,欧洲的某个地方,1,1,1,官方譯名表,官方譯名表,1,1,1
vape the grease parody,Broadway/West End,1,Vape! The Grease Parody,Vape! The Grease Parody,,Vape! The Grease Parody,,1,0,0,—,—,1,1,1
villanas,西葡音樂劇,1,Villanas,Villanas,女反派,Villanas,女反派,1,1,1,官方譯名表,官方譯名表,1,1,1
vy nejste zena pane,歐陸原創,1,"VY NEJSTE ŽENA, PANE!","VY NEJSTE ŽENA, PANE!",先生，您不是女人！,"VY NEJSTE ŽENA, PANE!",先生，您不是女人！,1,1,1,官方譯名表,官方譯名表,1,1,1
wahnsinn,德奧音樂劇,1,Wahnsinn,Wahnsinn,瘋狂,Wahnsinn,疯狂,1,1,1,官方譯名表,官方譯名表,1,1,1
waistwatchers,Broadway/West End,1,WaistWatchers The Musical!,WaistWatchers The Musical!,,WaistWatchers The Musical!,,1,0,0,—,—,1,1,1
waitress,Broadway/West End,27,Waitress,Waitress,女侍情緣,Waitress,女招待,1,1,1,官方譯名表,官方譯名表,1,1,1
wanted,Broadway/West End,1,Wanted,Wanted,,Wanted,,1,0,0,—,—,1,1,1
water for elephants,Broadway/West End,11,Water for Elephants,Water for Elephants,大象的眼淚,Water for Elephants,大象的眼泪,1,1,1,官方譯名表,官方譯名表,1,1,1
we will rock you,Broadway/West End,2,We Will Rock You,We Will Rock You,,We Will Rock You,,1,0,0,—,—,1,1,1
wedding singer,Broadway/West End,1,The Wedding Singer,The Wedding Singer,,The Wedding Singer,,1,0,0,—,—,1,1,1
weihnachten mit bibi and tina,德奧音樂劇,1,WEIHNACHTEN MIT BIBI & TINA – Das Musical,WEIHNACHTEN MIT BIBI & TINA – Das Musical,,WEIHNACHTEN MIT BIBI & TINA – Das Musical,,1,0,0,—,—,1,1,1
welcome to the hyunam dong bookshop,韓國原創,1,Welcome to the Hyunam-Dong Bookshop,Welcome to the Hyunam-Dong Bookshop,,Welcome to the Hyunam-Dong Bookshop,,1,0,0,—,—,0,0,0
western story,韓國原創,1,WESTERN STORY,WESTERN STORY,,WESTERN STORY,,1,0,0,—,—,1,1,1
whispering jack,Broadway/West End,1,Whispering Jack: The John Farnham Musical,Whispering Jack: The John Farnham Musical,,Whispering Jack: The John Farnham Musical,,1,0,0,—,—,1,1,1
white christmas,Broadway/West End,2,White Christmas,White Christmas,,White Christmas,,1,0,0,—,—,1,1,1
wicked,Broadway/West End,14,Wicked,Wicked,女巫前傳,Wicked,魔法坏女巫,1,1,1,官方譯名表,官方譯名表,1,1,1
widerstand,韓國原創,1,WIDERSTAND,WIDERSTAND,,WIDERSTAND,,1,0,0,—,—,0,0,0
wild about you,Broadway/West End,1,Wild About You,Wild About You,,Wild About You,,1,0,0,—,—,1,1,1
will rogers follies,Broadway/West End,1,The Will Rogers Follies,The Will Rogers Follies,,The Will Rogers Follies,,1,0,0,—,—,1,1,1
win for life,歐陸原創,10,Win for life,Win for life,,Win for life,,1,0,0,—,—,1,1,1
wir sind am leben,德奧音樂劇,1,WIR SIND AM LEBEN,WIR SIND AM LEBEN,我們活著,WIR SIND AM LEBEN,我们活着,1,1,1,官方譯名表,官方譯名表,1,1,1
wiz,Broadway/West End,26,The Wiz,The Wiz,新綠野仙蹤,The Wiz,新绿野仙踪,1,1,1,官方譯名表,官方譯名表,1,1,1
wizard of oz,Broadway/West End,2,The Wizard of Oz,The Wizard of Oz,綠野仙蹤,The Wizard of Oz,绿野仙踪,1,1,1,官方譯名表,官方譯名表,1,1,1
wonderland,Broadway/West End,1,Wonderland,Wonderland,,Wonderland,,1,0,0,—,—,1,1,1
wypior,歐陸原創,1,Wypiór,Wypiór,,Wypiór,,1,0,0,—,—,0,0,0
x,中國原創,1,嫌疑人X的献身,嫌疑人X的獻身,,嫌疑人X的献身,,0,1,1,原生中文,原生中文,0,0,0
young frankenstein,Broadway/West End,1,Young Frankenstein,Young Frankenstein,新科學怪人,Young Frankenstein,新科学怪人,1,1,1,官方譯名表,官方譯名表,1,1,1
your letter,韓國原創,1,Your Letter,Your Letter,,Your Letter,,1,0,0,—,—,0,0,0
zlatovlaska,歐陸原創,1,Zlatovláska,Zlatovláska,金髮公主,Zlatovláska,金发公主,1,1,1,官方譯名表,官方譯名表,1,1,1
zorro,Broadway/West End,1,Zorro,Zorro,佐羅,Zorro,佐罗,1,1,1,官方譯名表,官方譯名表,1,1,1
えぶりでいホスト,日本原創,1,えぶりでいホスト,えぶりでいホスト,,えぶりでいホスト,,0,0,0,—,—,1,1,1
けものフレンズ,日本原創,1,けものフレンズ,けものフレンズ,動物朋友,けものフレンズ,兽娘动物园,0,1,1,官方譯名表,官方譯名表,1,1,1
ケロロ軍曹,日本原創,1,ケロロ軍曹,ケロロ軍曹,Keroro軍曹,ケロロ军曹,青蛙军曹,0,1,1,官方譯名表,官方譯名表,1,1,1
スクールアイドルミュージカル,日本原創,1,スクールアイドルミュージカル,スクールアイドルミュージカル,,スクールアイドルミュージカル,,0,0,0,—,—,1,1,1
ブロードウェイ クリスマス ワンダーランド2026,日本原創,1,ブロードウェイ クリスマス・ワンダーランド2026,ブロードウェイ クリスマス・ワンダーランド2026,,ブロードウェイ クリスマス・ワンダーランド2026,,0,0,0,—,—,0,0,0
ポーの一族,日本原創,1,ポーの一族,ポーの一族,波族傳奇,ポーの一族,波族传奇,0,1,1,官方譯名表,官方譯名表,1,1,1
ロボット イン ザ ガーデン 東京,日本原創,1,ロボット・イン・ザ・ガーデン　東京,ロボット・イン・ザ・ガーデン　東京,,ロボット・イン・ザ・ガーデン　东京,,0,0,0,—,—,1,1,1
三個不結婚的女人,台灣原創,1,Three unmarried Women Musical,三個不結婚的女人,,三个不结婚的女人,,1,1,1,原生中文,原生中文,1,1,1
三個傻瓜,台灣原創,3,3 idiots,三個傻瓜,三個傻瓜,三个傻瓜,三傻大闹宝莱坞,1,1,1,官方譯名表,官方譯名表,1,1,1
三风一树,中國原創,1,三风一树,三風一樹,,三风一树,,0,1,1,原生中文,原生中文,0,0,0
不親愛家人,台灣原創,1,不親愛家人,不親愛家人,,不亲爱家人,,0,1,1,原生中文,原生中文,1,1,1
不负青山,中國原創,1,不负青山,不負青山,,不负青山,,0,1,1,原生中文,原生中文,0,0,0
东南望,中國原創,1,东南望,東南望,,东南望,,0,1,1,原生中文,原生中文,0,0,0
亡灵之旅 冥犬与少年,中國原創,1,亡灵之旅：冥犬与少年,亡靈之旅：冥犬與少年,,亡灵之旅：冥犬与少年,,0,1,1,原生中文,原生中文,0,0,0
今晚 我想來點,台灣原創,1,Come (Again) Some of the Foober Tonight,今晚，我想來點,,今晚，我想来点,,1,1,1,原生中文,原生中文,1,1,1
你好 我是接體員,台灣原創,1,Ballad from Six Feet Under,你好，我是接體員,,你好，我是接体员,,1,1,1,原生中文,原生中文,1,1,1
你的工作 你的休假,台灣原創,1,Your Work & Your Dayoff The Musical,你的工作＆你的休假,,你的工作＆你的休假,,1,1,1,原生中文,原生中文,1,1,1
入傩,中國原創,1,入傩,入儺,,入傩,,0,1,1,原生中文,原生中文,0,0,0
六个说谎的大学生,中國原創,3,六个说谎的大学生,六個說謊的大學生,,六个说谎的大学生,,0,1,1,原生中文,原生中文,0,0,0
冈格尼尔,中國原創,1,冈格尼尔,岡格尼爾,,冈格尼尔,,0,1,1,原生中文,原生中文,0,0,0
刀剣乱舞,日本原創,12,刀剣乱舞,刀剣亂舞,刀劍亂舞,刀剣乱舞,刀剑乱舞,0,1,1,官方譯名表,官方譯名表,1,1,1
別叫我成功 藝術界歸來的兒子,台灣原創,1,the Return of a Prodigal Son The Musical,別叫我成功：藝術界歸來的兒子,,别叫我成功：艺术界归来的儿子,,1,1,1,原生中文,原生中文,1,1,1
勸世三姊妹,台灣原創,3,"Don’t Cry, Dancing Girls the Musical",勸世三姊妹,,劝世三姊妹,,1,1,1,原生中文,原生中文,1,1,1
南墙计划,中國原創,3,南墙计划,南牆計劃,,南墙计划,,0,1,1,原生中文,原生中文,0,0,0
博物馆奇遇记,中國原創,3,博物馆奇遇记,博物館奇遇記,,博物馆奇遇记,,0,1,1,原生中文,原生中文,0,0,0
去你的夏天,中國原創,1,去你的夏天,去你的夏天,,去你的夏天,,0,1,1,原生中文,原生中文,0,0,0
命运之上,中國原創,1,命运之上,命運之上,,命运之上,,0,1,1,原生中文,原生中文,0,0,0
唐妞驾到,中國原創,1,唐妞驾到,唐妞駕到,,唐妞驾到,,0,1,1,原生中文,原生中文,0,0,0
喜欢你,中國原創,2,喜欢你,喜歡你,,喜欢你,,0,1,1,原生中文,原生中文,0,0,0
嗜血博士,中國原創,1,嗜血博士,嗜血博士,,嗜血博士,,0,1,1,原生中文,原生中文,0,0,0
囍宴,台灣原創,1,The Wedding Banquet: A New Musical,囍宴,,囍宴,,1,1,1,原生中文,原生中文,1,1,1
四大美女,中國原創,1,四大美女,四大美女,,四大美女,,0,1,1,原生中文,原生中文,0,0,0
在那遥远的地方2 0,中國原創,1,在那遥远的地方2.0,在那遙遠的地方2.0,,在那遥远的地方2.0,,0,1,1,原生中文,原生中文,0,0,0
夜幕下的哈尔滨,中國原創,6,夜幕下的哈尔滨,夜幕下的哈爾濱,,夜幕下的哈尔滨,,0,1,1,原生中文,原生中文,0,0,0
夢幻雞排大冒險,台灣原創,2,夢幻雞排大冒險,夢幻雞排大冒險,,梦幻鸡排大冒险,,0,1,1,原生中文,原生中文,1,1,1
大家都怎麼做音樂劇,台灣原創,1,How to Write a Musical?,大家都怎麼做音樂劇？,,大家都怎么做音乐剧？,,1,1,1,原生中文,原生中文,1,1,1
大江东去,中國原創,1,大江东去,大江東去,,大江东去,,0,1,1,原生中文,原生中文,0,0,0
大状王,中國原創,1,大状王,大狀王,,大状王,,0,1,1,原生中文,原生中文,0,0,0
天堂邊緣,台灣原創,1,The Edge of Heaven,天堂邊緣,,天堂边缘,,1,1,1,原生中文,原生中文,0,0,0
太空阿嬤,台灣原創,1,Space Amah,太空阿嬤,,太空阿嬷,,1,1,1,原生中文,原生中文,1,1,1
奇美拉,中國原創,3,奇美拉,奇美拉,,奇美拉,,0,1,1,原生中文,原生中文,0,0,0
女巫,中國原創,8,女巫,女巫,,女巫,,0,1,1,原生中文,原生中文,0,0,0
她对此感到厌烦,中國原創,9,她对此感到厌烦,她對此感到厭煩,,她对此感到厌烦,,0,1,1,原生中文,原生中文,0,0,0
她的海,中國原創,3,她的海,她的海,,她的海,,0,1,1,原生中文,原生中文,0,0,0
宝玉,中國原創,2,宝玉,寶玉,,宝玉,,0,1,1,原生中文,原生中文,0,0,0
寻找李二狗,中國原創,1,寻找李二狗,尋找李二狗,,寻找李二狗,,0,1,1,原生中文,原生中文,0,0,0
小城之春,中國原創,1,小城之春,小城之春,,小城之春,,0,1,1,原生中文,原生中文,0,0,0
小王子,台灣原創,2,Le Petit Prince,小王子,小王子,小王子,小王子,1,1,1,官方譯名表,官方譯名表,1,1,1
小说,韓國原創,1,小说,小說,,小说,,0,1,1,原生中文,原生中文,1,1,1
岁月之链,中國原創,1,岁月之链,歲月之鏈,,岁月之链,,0,1,1,原生中文,原生中文,0,0,0
市場女人心 第一市場二部曲,台灣原創,1,市場女人心─第一市場二部曲,市場女人心─第一市場二部曲,,市场女人心─第一市场二部曲,,0,1,1,原生中文,原生中文,1,1,1
当你心动时,中國原創,1,当你心动时,當你心動時,,当你心动时,,0,1,1,原生中文,原生中文,0,0,0
微笑半世紀,台灣原創,1,Smile for Half a Century,微笑半世紀,,微笑半世纪,,1,1,1,原生中文,原生中文,1,1,1
德拉拉牙科診所,韓國原創,1,德拉拉牙科診所,德拉拉牙科診所,,德拉拉牙科诊所,,0,1,1,原生中文,原生中文,1,1,1
心安东坡,中國原創,3,心安东坡,心安東坡,,心安东坡,,0,1,1,原生中文,原生中文,0,0,0
忍たま乱太郎,日本原創,5,忍たま乱太郎,忍たま亂太郎,忍者亂太郎,忍たま乱太郎,忍者乱太郎,0,1,1,官方譯名表,官方譯名表,1,1,1
快乐即逝,西葡音樂劇,1,快乐即逝,快樂即逝,,快乐即逝,,0,1,1,原生中文,原生中文,1,1,1
怨种闺蜜,中國原創,1,怨种闺蜜,怨種閨蜜,,怨种闺蜜,,0,1,1,原生中文,原生中文,0,0,0
怪物,中國原創,1,怪物,怪物,,怪物,,0,1,1,原生中文,原生中文,0,0,0
想把我唱给您听,中國原創,1,想把我唱给您听,想把我唱給您聽,,想把我唱给您听,,0,1,1,原生中文,原生中文,0,0,0
我在詐騙公司上班,台灣原創,1,I am Working in a Fraud Company,我在詐騙公司上班,,我在诈骗公司上班,,1,1,1,原生中文,原生中文,1,1,1
我的爵視金曲夜,台灣原創,3,Jazz A Golden Night,我的爵視金曲夜,,我的爵视金曲夜,,1,1,1,原生中文,原生中文,1,1,1
我那长乐塬,中國原創,1,我那长乐塬,我那長樂塬,,我那长乐塬,,0,1,1,原生中文,原生中文,0,0,0
拜风,中國原創,1,拜风,拜風,,拜风,,0,1,1,原生中文,原生中文,0,0,0
換氣練習,台灣原創,1,Out of Breath to Breathe Again,換氣練習,,换气练习,,1,1,1,原生中文,原生中文,1,1,1
摇滚浮士德,韓國原創,1,摇滚浮士德,搖滾浮士德,,摇滚浮士德,,0,1,1,原生中文,原生中文,1,1,1
新テニスの王子様,日本原創,3,新テニスの王子様,新テニスの王子様,新網球王子,新テニスの王子様,新网球王子,0,1,1,官方譯名表,官方譯名表,1,1,1
新唐伯虎点秋香,中國原創,1,新唐伯虎点秋香,新唐伯虎點秋香,,新唐伯虎点秋香,,0,1,1,原生中文,原生中文,0,0,0
新贵,中國原創,1,新贵,新貴,,新贵,,0,1,1,原生中文,原生中文,0,0,0
日出渤海耀天山,中國原創,1,日出渤海耀天山,日出渤海耀天山,,日出渤海耀天山,,0,1,1,原生中文,原生中文,0,0,0
旧讼,中國原創,1,旧讼,舊訟,,旧讼,,0,1,1,原生中文,原生中文,0,0,0
时光代理人,中國原創,2,时光代理人,時光代理人,,时光代理人,,0,1,1,原生中文,原生中文,0,0,0
昨日显影,中國原創,1,昨日显影,昨日顯影,,昨日显影,,0,1,1,原生中文,原生中文,0,0,0
最美的一天,台灣原創,3,最美的一天,最美的一天,,最美的一天,,0,1,1,原生中文,原生中文,1,1,1
月亮与六便士,中國原創,1,月亮与六便士,月亮與六便士,,月亮与六便士,,0,1,1,原生中文,原生中文,0,0,0
有一天我和祝英台去美术馆,中國原創,1,有一天我和祝英台去美术馆,有一天我和祝英臺去美術館,,有一天我和祝英台去美术馆,,0,1,1,原生中文,原生中文,0,0,0
杜十娘,中國原創,3,杜十娘,杜十娘,,杜十娘,,0,1,1,原生中文,原生中文,0,0,0
桑塔露琪亚,中國原創,2,桑塔露琪亚,桑塔露琪亞,,桑塔露琪亚,,0,1,1,原生中文,原生中文,0,0,0
梦微之,中國原創,1,梦微之,夢微之,,梦微之,,0,1,1,原生中文,原生中文,0,0,0
椒花颂声,中國原創,1,椒花颂声,椒花頌聲,,椒花颂声,,0,1,1,原生中文,原生中文,0,0,0
楸树花开,中國原創,1,楸树花开,楸樹花開,,楸树花开,,0,1,1,原生中文,原生中文,0,0,0
民王,日本原創,1,民王,民王,,民王,,0,0,0,日文漢字題名,日文漢字題名,1,1,1
水鬼學校和失去媽媽的水獺,台灣原創,1,The School of Water-ghosts and the Otter Who Lost His Mother,水鬼學校和失去媽媽的水獺,,水鬼学校和失去妈妈的水獭,,1,1,1,原生中文,原生中文,1,1,1
流星之绊,中國原創,1,流星之绊,流星之絆,,流星之绊,,0,1,1,原生中文,原生中文,0,0,0
浅利演出事務所主催公演 夢から醒めた夢 東京,日本原創,1,浅利演出事務所主催公演『夢から醒めた夢』　東京,淺利演出事務所主催公演『夢から醒めた夢』　東京,,浅利演出事务所主催公演『梦から醒めた梦』　东京,,0,0,0,—,—,1,1,1
海上钢琴师,中國原創,1,海上钢琴师,海上鋼琴師,,海上钢琴师,,0,1,1,原生中文,原生中文,0,0,0
海底总动员,中國原創,1,海底总动员,海底總動員,,海底总动员,,0,1,1,原生中文,原生中文,0,0,0
海浪你轻轻地摇,中國原創,1,海浪你轻轻地摇,海浪你輕輕地搖,,海浪你轻轻地摇,,0,1,1,原生中文,原生中文,0,0,0
海的那边还是海,中國原創,1,海的那边还是海,海的那邊還是海,,海的那边还是海,,0,1,1,原生中文,原生中文,0,0,0
渡子江 死了都要愛,台灣原創,1,Duzi River: Love Until Death,渡子江：死了都要愛,,渡子江：死了都要爱,,1,1,1,原生中文,原生中文,1,1,1
渡河 渡河,中國原創,1,渡河，渡河,渡河，渡河,,渡河，渡河,,0,1,1,原生中文,原生中文,0,0,0
漂浪半島,台灣原創,1,The Wandering Peninsula An Original Taiwanese Folk-Rock Musical,漂浪半島,,漂浪半岛,,1,1,1,原生中文,原生中文,1,1,1
潘朵拉的音樂盒,台灣原創,1,The musical box of Pandora,潘朵拉的音樂盒,,潘朵拉的音乐盒,,1,1,1,原生中文,原生中文,1,1,1
灯塔,中國原創,1,灯塔,燈塔,,灯塔,,0,1,1,原生中文,原生中文,0,0,0
無聲の海腳間仔,台灣原創,1,The Silent Fishermen's dwellings,無聲の海腳間仔,,无声の海脚间仔,,1,0,0,—,—,1,1,1
爬上頂樓看月亮,台灣原創,1,A Full Moon Left Behind A New Musical,爬上頂樓看月亮,,爬上顶楼看月亮,,1,1,1,原生中文,原生中文,1,1,1
爱丽丝奇境之旅,中國原創,1,爱丽丝奇境之旅,愛麗絲奇境之旅,,爱丽丝奇境之旅,,0,1,1,原生中文,原生中文,0,0,0
爱因斯坦 时间相对论,德奧音樂劇,1,爱因斯坦 时间相对论,愛因斯坦 時間相對論,愛因斯坦：時間相對論,爱因斯坦 时间相对论,爱因斯坦：时间相对论,0,1,1,官方譯名表,官方譯名表,1,1,1
牡丹亭,中國原創,1,牡丹亭,牡丹亭,,牡丹亭,,0,1,1,原生中文,原生中文,0,0,0
狂炎奏鸣曲,韓國原創,1,狂炎奏鸣曲,狂炎奏鳴曲,,狂炎奏鸣曲,,0,1,1,原生中文,原生中文,1,1,1
狂飙,中國原創,1,狂飙,狂飆,,狂飙,,0,1,1,原生中文,原生中文,0,0,0
狐说臣与仙,中國原創,1,狐说臣与仙,狐說臣與仙,,狐说臣与仙,,0,1,1,原生中文,原生中文,0,0,0
玉良,中國原創,1,玉良,玉良,,玉良,,0,1,1,原生中文,原生中文,0,0,0
玩偶,中國原創,1,玩偶,玩偶,,玩偶,,0,1,1,原生中文,原生中文,0,0,0
生命最美好的5分鍾,台灣原創,1,"2026 MBAF, The Most Beatiful 5 Minutes in My Life",生命最美好的5分鍾,,生命最美好的5分钟,,1,1,1,原生中文,原生中文,1,1,1
男孩 鼹鼠 狐狸和马,中國原創,2,男孩、鼹鼠、狐狸和马,男孩、鼴鼠、狐狸和馬,,男孩、鼹鼠、狐狸和马,,0,1,1,原生中文,原生中文,0,0,0
画中人,中國原創,1,画中人,畫中人,,画中人,,0,1,1,原生中文,原生中文,0,0,0
當亞斯遇見人魚,台灣原創,1,Meet,當亞斯遇見人魚,,当亚斯遇见人鱼,,1,1,1,原生中文,原生中文,1,1,1
白爪草,日本原創,1,白爪草,白爪草,,白爪草,,0,1,1,原生中文,原生中文,1,1,1
破墙,中國原創,6,破墙,破牆,,破墙,,0,1,1,原生中文,原生中文,0,0,0
神明便利商店,台灣原創,1,God's CVS The Musical,神明便利商店,,神明便利商店,,1,1,1,原生中文,原生中文,1,1,1
空中花园谋杀案,中國原創,3,空中花园谋杀案,空中花園謀殺案,,空中花园谋杀案,,0,1,1,原生中文,原生中文,0,0,0
納爾齊斯與歌爾德蒙,韓國原創,2,納爾齊斯與歌爾德蒙,納爾齊斯與歌爾德蒙,,纳尔齐斯与歌尔德蒙,,0,1,1,原生中文,原生中文,1,1,1
红莲,韓國原創,8,红莲,紅蓮,,红莲,,0,1,1,原生中文,原生中文,1,1,1
羊角尖,中國原創,1,羊角尖,羊角尖,,羊角尖,,0,1,1,原生中文,原生中文,0,0,0
老男孩,台灣原創,3,The OB Idol,老男孩,,老男孩,,1,1,1,原生中文,原生中文,1,1,1
花木兰,中國原創,1,花木兰,花木蘭,,花木兰,,0,1,1,原生中文,原生中文,0,0,0
茶花女,法式音樂劇,6,茶花女,茶花女,,茶花女,,0,1,1,原生中文,原生中文,1,1,1
荒原,中國原創,1,荒原,荒原,,荒原,,0,1,1,原生中文,原生中文,0,0,0
莫比乌斯,中國原創,1,莫比乌斯,莫比烏斯,,莫比乌斯,,0,1,1,原生中文,原生中文,0,0,0
莫里哀,法式音樂劇,2,莫里哀,莫里哀,,莫里哀,,0,1,1,原生中文,原生中文,1,1,1
蓝关雪,中國原創,1,蓝关雪,藍關雪,,蓝关雪,,0,1,1,原生中文,原生中文,0,0,0
蕾娜絲的修理小舖,台灣原創,1,蕾娜絲的修理小舖,蕾娜絲的修理小舖,,蕾娜丝的修理小舖,,0,1,1,原生中文,原生中文,1,1,1
薄桜鬼 真改,日本原創,1,薄桜鬼 真改,薄桜鬼 真改,薄櫻鬼 真改,薄桜鬼 真改,薄樱鬼 真改,0,1,1,官方譯名表,官方譯名表,1,1,1
蝶变,中國原創,2,蝶变,蝶變,,蝶变,,0,1,1,原生中文,原生中文,0,0,0
觉醒年代,中國原創,1,觉醒年代,覺醒年代,,觉醒年代,,0,1,1,原生中文,原生中文,0,0,0
記憶的星光,台灣原創,1,記憶的星光,記憶的星光,,记忆的星光,,0,1,1,原生中文,原生中文,1,1,1
貂蝉 你在想什么,中國原創,1,貂蝉，你在想什么？,貂蟬，你在想什麼？,,貂蝉，你在想什幺？,,0,1,1,原生中文,原生中文,0,0,0
跑跑殭丙仁,台灣原創,1,Zombie Run,跑跑殭丙仁,,跑跑僵丙仁,,1,1,1,原生中文,原生中文,1,1,1
路德维希二世 国王归来,德奧音樂劇,1,路德维希二世：国王归来,路德維希二世：國王歸來,路德維希二世：國王歸來,路德维希二世：国王归来,路德维希二世：国王归来,0,1,1,官方譯名表,官方譯名表,1,1,1
轟吧 全壘打,台灣原創,1,轟吧!全壘打,轟吧!全壘打,,轰吧!全垒打,,0,1,1,原生中文,原生中文,1,1,1
辛吉路的画材店,中國原創,2,辛吉路的画材店,辛吉路的畫材店,,辛吉路的画材店,,0,1,1,原生中文,原生中文,0,0,0
边城,中國原創,4,边城,邊城,,边城,,0,1,1,原生中文,原生中文,0,0,0
那個女人是誰,台灣原創,1,Ruth,那個女人是誰？,,那个女人是谁？,,1,1,1,原生中文,原生中文,1,1,1
那就返场,中國原創,1,那就返场！,那就返場！,,那就返场！,,0,1,1,原生中文,原生中文,0,0,0
邦尼帮你,中國原創,1,邦尼帮你,邦尼幫你,,邦尼帮你,,0,1,1,原生中文,原生中文,0,0,0
金童子,中國原創,1,金童子,金童子,,金童子,,0,1,1,原生中文,原生中文,0,0,0
钱氏今生,中國原創,1,钱氏今生,錢氏今生,,钱氏今生,,0,1,1,原生中文,原生中文,0,0,0
阴天,韓國原創,2,阴天,陰天,,阴天,,0,1,1,原生中文,原生中文,1,1,1
阿卡的兒歌大冒險,台灣原創,1,2026 eslite family - Aca's Adventure I.,阿卡的兒歌大冒險,,阿卡的儿歌大冒险,,1,1,1,原生中文,原生中文,1,1,1
阿尔贝罗,中國原創,1,阿尔贝罗,阿爾貝羅,,阿尔贝罗,,0,1,1,原生中文,原生中文,0,0,0
阿甯咕的爸鼻不見了,台灣原創,1,Family Musical — Where is A-Nee-Gu’s Dad?,阿甯咕的爸鼻不見了？,,阿宁咕的爸鼻不见了？,,1,1,1,原生中文,原生中文,1,1,1
青春之歌,中國原創,1,青春之歌,青春之歌,,青春之歌,,0,1,1,原生中文,原生中文,0,0,0
青瞑猴 出外讀冊拼出頭,台灣原創,1,Visually Impaired Chorus,青瞑猴，出外讀冊拼出頭,,青瞑猴，出外读册拼出头,,1,1,1,原生中文,原生中文,1,1,1
风声,中國原創,1,风声,風聲,,风声,,0,1,1,原生中文,原生中文,0,0,0
馬克斯威妖 我睡了我的面試官,台灣原創,1,Maxwell's Demon,馬克斯威妖：我睡了我的面試官,,马克斯威妖：我睡了我的面试官,,1,1,1,原生中文,原生中文,1,1,1
魔法使いの約束,日本原創,1,魔法使いの約束,魔法使いの約束,魔法使的約定,魔法使いの约束,魔法使的约定,0,1,1,官方譯名表,官方譯名表,1,1,1
黑旗令,中國原創,1,黑旗令,黑旗令,,黑旗令,,0,1,1,原生中文,原生中文,0,0,0
가족뮤지컬 사랑해져라 대구,韓國原創,1,가족뮤지컬 사랑해져라 - 대구,가족뮤지컬 사랑해져라 - 대구,,가족뮤지컬 사랑해져라 - 대구,,0,0,0,—,—,0,0,0
그날들 용인,韓國原創,1,그날들 - 용인,그날들 - 용인,,그날들 - 용인,,0,0,0,—,—,0,0,0
그날들 이천,韓國原創,1,그날들 - 이천,그날들 - 이천,,그날들 - 이천,,0,0,0,—,—,0,0,0
긴긴밤 부산,韓國原創,1,긴긴밤 - 부산,긴긴밤 - 부산,,긴긴밤 - 부산,,0,0,0,—,—,0,0,0
김종욱 찾기,韓國原創,1,김종욱 찾기,김종욱 찾기,,김종욱 찾기,,0,0,0,—,—,0,0,0
나의 첫사랑 레시피 대전,韓國原創,1,나의 첫사랑 레시피 - 대전,나의 첫사랑 레시피 - 대전,,나의 첫사랑 레시피 - 대전,,0,0,0,—,—,0,0,0
놐놐놐,韓國原創,1,놐놐놐,놐놐놐,,놐놐놐,,0,0,0,—,—,0,0,0
늦은 봄날,韓國原創,1,늦은 봄날,늦은 봄날,,늦은 봄날,,0,0,0,—,—,0,0,0
달콤한 위로 초코파이,韓國原創,1,달콤한 위로 초코파이,달콤한 위로 초코파이,,달콤한 위로 초코파이,,0,0,0,—,—,0,0,0
런던레코드,韓國原創,1,런던레코드,런던레코드,,런던레코드,,0,0,0,—,—,0,0,0
만천명월 격쟁을 허하라 화성,韓國原創,1,만천명월 격쟁을 허하라 - 화성,만천명월 격쟁을 허하라 - 화성,,만천명월 격쟁을 허하라 - 화성,,0,0,0,—,—,0,0,0
말하지 못한 사랑 대전,韓國原創,1,말하지 못한 사랑 - 대전,말하지 못한 사랑 - 대전,,말하지 못한 사랑 - 대전,,0,0,0,—,—,0,0,0
무대는 내 친구 시즌8 어린이 창작 뮤지컬 키사를 찾아서 군포,韓國原創,1,무대는 내 친구 시즌8 어린이 창작 뮤지컬 「키사를 찾아서」 - 군포,무대는 내 친구 시즌8 어린이 창작 뮤지컬 「키사를 찾아서」 - 군포,,무대는 내 친구 시즌8 어린이 창작 뮤지컬 「키사를 찾아서」 - 군포,,0,0,0,—,—,0,0,0
물속의 달 오필리어 대전,韓國原創,1,물속의 달 - 오필리어 (대전,물속의 달 - 오필리어 (대전,,물속의 달 - 오필리어 (대전,,0,0,0,—,—,0,0,0
미디어아트 뮤지컬 파랑새 용인,韓國原創,1,미디어아트 뮤지컬 파랑새 - 용인,미디어아트 뮤지컬 파랑새 - 용인,,미디어아트 뮤지컬 파랑새 - 용인,,0,0,0,—,—,0,0,0
바람으로의 여행,韓國原創,1,바람으로의 여행,바람으로의 여행,,바람으로의 여행,,0,0,0,—,—,0,0,0
벚꽃동산 하얀 집,韓國原創,1,"벚꽃동산, 하얀 집","벚꽃동산, 하얀 집",,"벚꽃동산, 하얀 집",,0,0,0,—,—,0,0,0
빨래 하남,韓國原創,1,빨래 - 하남,빨래 - 하남,,빨래 - 하남,,0,0,0,—,—,0,0,0
사랑을 노래하다 창원,韓國原創,1,사랑을 노래하다 - 창원,사랑을 노래하다 - 창원,,사랑을 노래하다 - 창원,,0,0,0,—,—,0,0,0
생텍쥐페리 인천,韓國原創,1,생텍쥐페리 - 인천,생텍쥐페리 - 인천,,생텍쥐페리 - 인천,,0,0,0,—,—,0,0,0
쇼뮤지컬 드림하이 공주,韓國原創,1,쇼뮤지컬 드림하이 - 공주,쇼뮤지컬 드림하이 - 공주,,쇼뮤지컬 드림하이 - 공주,,0,0,0,—,—,0,0,0
썸데이 용인,韓國原創,1,썸데이 - 용인,썸데이 - 용인,,썸데이 - 용인,,0,0,0,—,—,0,0,0
썸데이 청주,韓國原創,1,썸데이［청주］,썸데이［청주］,,썸데이［청주］,,0,0,0,—,—,0,0,0
오셀로와 이아고,韓國原創,1,오셀로와 이아고,오셀로와 이아고,,오셀로와 이아고,,0,0,0,—,—,0,0,0
음악극 소요유,韓國原創,1,음악극 소요유,음악극 소요유,,음악극 소요유,,0,0,0,—,—,0,0,0
이머시브 뮤지컬 좀비,韓國原創,1,이머시브 뮤지컬 좀비,이머시브 뮤지컬 좀비,,이머시브 뮤지컬 좀비,,0,0,0,—,—,0,0,0
인사이드 미 대전,韓國原創,1,인사이드 미 (대전,인사이드 미 (대전,,인사이드 미 (대전,,0,0,0,—,—,0,0,0
제물포문화재단 창작뮤지컬 켈로 인천,韓國原創,1,제물포문화재단 창작뮤지컬 켈로 - 인천,제물포문화재단 창작뮤지컬 켈로 - 인천,,제물포문화재단 창작뮤지컬 켈로 - 인천,,0,0,0,—,—,0,0,0
조선셰프 한상궁 전주비빔밥 그 맛의 완성 전주,韓國原創,1,조선셰프 한상궁 전주비빔밥 그 맛의 완성 - 전주,조선셰프 한상궁 전주비빔밥 그 맛의 완성 - 전주,,조선셰프 한상궁 전주비빔밥 그 맛의 완성 - 전주,,0,0,0,—,—,0,0,0
창작 뮤지컬 늦봄의 길 안성,韓國原創,1,창작 뮤지컬 늦봄의 길 - 안성,창작 뮤지컬 늦봄의 길 - 안성,,창작 뮤지컬 늦봄의 길 - 안성,,0,0,0,—,—,0,0,0
청주 세종 뮤지컬 베어만 마지막잎새,韓國原創,1,"［청주,세종］뮤지컬 베어만 : 마지막잎새","［청주,세종］뮤지컬 베어만 : 마지막잎새",,"［청주,세종］뮤지컬 베어만 : 마지막잎새",,0,0,0,—,—,0,0,0
청주 세종 뮤지컬 빌의구둣방,韓國原創,1,"［청주,세종］뮤지컬 빌의구둣방","［청주,세종］뮤지컬 빌의구둣방",,"［청주,세종］뮤지컬 빌의구둣방",,0,0,0,—,—,0,0,0
충분한 이별,韓國原創,1,충분한 이별,충분한 이별,,충분한 이별,,0,0,0,—,—,0,0,0
크리스마스 캐럴,韓國原創,1,크리스마스 캐럴,크리스마스 캐럴,,크리스마스 캐럴,,0,0,0,—,—,0,0,0
판타지 뮤지컬 오싹한 알바 부산,韓國原創,1,판타지 뮤지컬 오싹한 알바 - 부산,판타지 뮤지컬 오싹한 알바 - 부산,,판타지 뮤지컬 오싹한 알바 - 부산,,0,0,0,—,—,0,0,0
팬레터 울산,韓國原創,1,팬레터 - 울산,팬레터 - 울산,,팬레터 - 울산,,0,0,0,—,—,0,0,0
푸른 꽃,韓國原創,1,푸른 꽃,푸른 꽃,,푸른 꽃,,0,0,0,—,—,0,0,0
헤어드레서 포천,韓國原創,1,헤어드레서 - 포천,헤어드레서 - 포천,,헤어드레서 - 포천,,0,0,0,—,—,0,0,0
